lat,lon,elev_m,elev_ft,res_m
33.9372,-82.5695,120.662,395.87,1
33.9372,-82.56935,119.701,392.72,1
33.9372,-82.5692,118.36,388.32,1
33.9372,-82.56905,117.327,384.93,1
33.9372,-82.5689,116.615,382.59,1
33.9372,-82.56875,116.663,382.75,1
33.9372,-82.5686,117.312,384.88,1
33.9372,-82.56845,118.028,387.23,1
33.9372,-82.5683,119.399,391.73,1
33.9372,-82.56815,120.087,393.99,1
33.9372,-82.568,121.017,397.04,1
33.9372,-82.56785,121.836,399.72,1
33.9372,-82.5677,122.517,401.96,1
33.9372,-82.56755,123.403,404.87,1
33.9372,-82.5674,124.47,408.37,1
33.9372,-82.56725,125.154,410.61,1
33.9372,-82.5671,125.665,412.29,1
33.9372,-82.56695,126.691,415.65,1
33.9372,-82.5668,127.94,419.75,1
33.9372,-82.56665,128.404,421.27,1
33.9372,-82.5665,129.369,424.44,1
33.9372,-82.56635,130.532,428.25,1
33.9372,-82.5662,131.484,431.38,1
33.9372,-82.56605,132.166,433.62,1
33.9372,-82.5659,131.644,431.9,1
33.9372,-82.56575,131.535,431.54,1
33.9372,-82.5656,131.971,432.98,1
33.9372,-82.56545,132.139,433.53,1
33.9372,-82.5653,132.051,433.24,1
33.9372,-82.56515,132.172,433.64,1
33.9372,-82.565,132.4,434.38,1
33.9372,-82.56485,132.954,436.2,1
33.9372,-82.5647,133.895,439.29,1
33.9372,-82.56455,134.905,442.6,1
33.9372,-82.5644,135.509,444.58,1
33.9372,-82.56425,136.161,446.72,1
33.9372,-82.5641,135.925,445.95,1
33.9372,-82.56395,135.9,445.87,1
33.9372,-82.5638,135.761,445.41,1
33.9372,-82.56365,136.073,446.43,1
33.9372,-82.5635,136.194,446.83,1
33.9372,-82.56335,135.3,443.9,1
33.9372,-82.5632,134.011,439.67,1
33.9372,-82.56305,132.767,435.59,1
33.9372,-82.5629,132.057,433.26,1
33.9372,-82.56275,131.578,431.69,1
33.9372,-82.5626,131.697,432.08,1
33.9372,-82.56245,131.706,432.11,1
33.9372,-82.5623,131.581,431.7,1
33.9372,-82.56215,131.187,430.4,1
33.9372,-82.562,130.442,427.96,1
33.9372,-82.56185,130.146,426.99,1
33.9372,-82.5617,128.634,422.03,1
33.9372,-82.56155,126.01,413.42,1
33.9372,-82.5614,124.279,407.74,1
33.9372,-82.56125,121.86,399.8,1
33.9372,-82.5611,119.824,393.12,1
33.9372,-82.56095,121.222,397.71,1
33.9372,-82.5608,122.657,402.42,1
33.9372,-82.56065,124.231,407.58,1
33.9372,-82.5605,125.368,411.31,1
33.9372,-82.56035,126.228,414.13,1
33.9372,-82.5602,126.43,414.8,1
33.9372,-82.56005,126.812,416.05,1
33.9372,-82.5599,127.373,417.89,1
33.93735,-82.5695,121.66,399.15,1
33.93735,-82.56935,120.891,396.62,1
33.93735,-82.5692,120.206,394.38,1
33.93735,-82.56905,119.276,391.33,1
33.93735,-82.5689,118.503,388.79,1
33.93735,-82.56875,118.385,388.4,1
33.93735,-82.5686,118.568,389.0,1
33.93735,-82.56845,120.329,394.78,1
33.93735,-82.5683,121.028,397.07,1
33.93735,-82.56815,121.529,398.72,1
33.93735,-82.568,121.87,399.84,1
33.93735,-82.56785,122.226,401.01,1
33.93735,-82.5677,122.896,403.2,1
33.93735,-82.56755,123.759,406.03,1
33.93735,-82.5674,124.335,407.92,1
33.93735,-82.56725,125.273,411.0,1
33.93735,-82.5671,126.32,414.44,1
33.93735,-82.56695,127.01,416.7,1
33.93735,-82.5668,127.746,419.12,1
33.93735,-82.56665,128.813,422.62,1
33.93735,-82.5665,129.741,425.66,1
33.93735,-82.56635,130.931,429.56,1
33.93735,-82.5662,131.025,429.87,1
33.93735,-82.56605,131.149,430.28,1
33.93735,-82.5659,131.149,430.28,1
33.93735,-82.56575,131.381,431.04,1
33.93735,-82.5656,131.522,431.5,1
33.93735,-82.56545,131.387,431.06,1
33.93735,-82.5653,131.788,432.37,1
33.93735,-82.56515,132.06,433.27,1
33.93735,-82.565,132.584,434.99,1
33.93735,-82.56485,133.857,439.16,1
33.93735,-82.5647,134.672,441.84,1
33.93735,-82.56455,135.631,444.98,1
33.93735,-82.5644,136.132,446.63,1
33.93735,-82.56425,135.682,445.15,1
33.93735,-82.5641,135.202,443.57,1
33.93735,-82.56395,134.546,441.42,1
33.93735,-82.5638,134.739,442.06,1
33.93735,-82.56365,135.061,443.11,1
33.93735,-82.5635,135.283,443.84,1
33.93735,-82.56335,134.825,442.34,1
33.93735,-82.5632,133.667,438.54,1
33.93735,-82.56305,132.048,433.23,1
33.93735,-82.5629,131.277,430.7,1
33.93735,-82.56275,130.617,428.53,1
33.93735,-82.5626,130.675,428.72,1
33.93735,-82.56245,130.884,429.41,1
33.93735,-82.5623,130.688,428.77,1
33.93735,-82.56215,129.908,426.21,1
33.93735,-82.562,128.822,422.64,1
33.93735,-82.56185,128.876,422.82,1
33.93735,-82.5617,128.223,420.68,1
33.93735,-82.56155,125.777,412.65,1
33.93735,-82.5614,123.268,404.42,1
33.93735,-82.56125,120.667,395.89,1
33.93735,-82.5611,119.441,391.87,1
33.93735,-82.56095,119.847,393.2,1
33.93735,-82.5608,121.967,400.15,1
33.93735,-82.56065,122.499,401.9,1
33.93735,-82.5605,123.765,406.05,1
33.93735,-82.56035,124.431,408.24,1
33.93735,-82.5602,125.559,411.94,1
33.93735,-82.56005,125.329,411.18,1
33.93735,-82.5599,124.853,409.62,1
33.9375,-82.5695,122.952,403.38,1
33.9375,-82.56935,122.299,401.24,1
33.9375,-82.5692,121.628,399.04,1
33.9375,-82.56905,121.035,397.1,1
33.9375,-82.5689,120.849,396.49,1
33.9375,-82.56875,120.969,396.88,1
33.9375,-82.5686,120.588,395.63,1
33.9375,-82.56845,121.113,397.35,1
33.9375,-82.5683,122.011,400.3,1
33.9375,-82.56815,122.75,402.72,1
33.9375,-82.568,123.821,406.24,1
33.9375,-82.56785,123.853,406.34,1
33.9375,-82.5677,124.389,408.1,1
33.9375,-82.56755,124.316,407.86,1
33.9375,-82.5674,124.969,410.0,1
33.9375,-82.56725,125.948,413.22,1
33.9375,-82.5671,126.443,414.84,1
33.9375,-82.56695,127.732,419.07,1
33.9375,-82.5668,128.286,420.89,1
33.9375,-82.56665,129.054,423.41,1
33.9375,-82.5665,129.906,426.2,1
33.9375,-82.56635,129.937,426.3,1
33.9375,-82.5662,130.541,428.29,1
33.9375,-82.56605,130.748,428.96,1
33.9375,-82.5659,131.254,430.62,1
33.9375,-82.56575,131.197,430.44,1
33.9375,-82.5656,130.96,429.66,1
33.9375,-82.56545,131.453,431.28,1
33.9375,-82.5653,131.768,432.31,1
33.9375,-82.56515,132.321,434.12,1
33.9375,-82.565,132.972,436.26,1
33.9375,-82.56485,133.894,439.29,1
33.9375,-82.5647,135.038,443.04,1
33.9375,-82.56455,135.239,443.7,1
33.9375,-82.5644,134.934,442.7,1
33.9375,-82.56425,134.309,440.65,1
33.9375,-82.5641,133.651,438.49,1
33.9375,-82.56395,133.18,436.94,1
33.9375,-82.5638,132.867,435.91,1
33.9375,-82.56365,132.783,435.64,1
33.9375,-82.5635,133.787,438.93,1
33.9375,-82.56335,133.151,436.85,1
33.9375,-82.5632,132.31,434.09,1
33.9375,-82.56305,130.889,429.43,1
33.9375,-82.5629,129.78,425.79,1
33.9375,-82.56275,129.407,424.56,1
33.9375,-82.5626,129.979,426.44,1
33.9375,-82.56245,130.09,426.8,1
33.9375,-82.5623,129.539,425.0,1
33.9375,-82.56215,128.817,422.63,1
33.9375,-82.562,128.117,420.33,1
33.9375,-82.56185,127.769,419.19,1
33.9375,-82.5617,126.522,415.1,1
33.9375,-82.56155,125.524,411.82,1
33.9375,-82.5614,122.778,402.82,1
33.9375,-82.56125,120.115,394.08,1
33.9375,-82.5611,118.778,389.69,1
33.9375,-82.56095,118.394,388.43,1
33.9375,-82.5608,119.289,391.37,1
33.9375,-82.56065,120.843,396.47,1
33.9375,-82.5605,121.623,399.03,1
33.9375,-82.56035,122.699,402.56,1
33.9375,-82.5602,124.442,408.27,1
33.9375,-82.56005,123.954,406.67,1
33.9375,-82.5599,123.143,404.01,1
33.93765,-82.5695,124.156,407.34,1
33.93765,-82.56935,124.329,407.91,1
33.93765,-82.5692,123.853,406.34,1
33.93765,-82.56905,123.462,405.06,1
33.93765,-82.5689,122.982,403.48,1
33.93765,-82.56875,122.932,403.32,1
33.93765,-82.5686,122.652,402.4,1
33.93765,-82.56845,122.688,402.52,1
33.93765,-82.5683,122.996,403.53,1
33.93765,-82.56815,123.814,406.22,1
33.93765,-82.568,124.322,407.88,1
33.93765,-82.56785,125.041,410.24,1
33.93765,-82.5677,125.521,411.81,1
33.93765,-82.56755,125.764,412.61,1
33.93765,-82.5674,126.182,413.98,1
33.93765,-82.56725,126.914,416.38,1
33.93765,-82.5671,127.554,418.48,1
33.93765,-82.56695,128.309,420.96,1
33.93765,-82.5668,129.21,423.92,1
33.93765,-82.56665,129.63,425.3,1
33.93765,-82.5665,129.309,424.24,1
33.93765,-82.56635,129.897,426.17,1
33.93765,-82.5662,130.149,427.0,1
33.93765,-82.56605,129.825,425.94,1
33.93765,-82.5659,130.563,428.36,1
33.93765,-82.56575,130.805,429.15,1
33.93765,-82.5656,131.682,432.03,1
33.93765,-82.56545,131.457,431.29,1
33.93765,-82.5653,131.869,432.64,1
33.93765,-82.56515,132.457,434.57,1
33.93765,-82.565,133.092,436.65,1
33.93765,-82.56485,133.813,439.02,1
33.93765,-82.5647,134.627,441.69,1
33.93765,-82.56455,134.383,440.89,1
33.93765,-82.5644,133.581,438.26,1
33.93765,-82.56425,133.218,437.07,1
33.93765,-82.5641,132.799,435.69,1
33.93765,-82.56395,132.039,433.2,1
33.93765,-82.5638,130.99,429.76,1
33.93765,-82.56365,131.612,431.8,1
33.93765,-82.5635,131.765,432.3,1
33.93765,-82.56335,131.385,431.05,1
33.93765,-82.5632,130.16,427.03,1
33.93765,-82.56305,129.415,424.59,1
33.93765,-82.5629,128.778,422.5,1
33.93765,-82.56275,128.537,421.71,1
33.93765,-82.5626,129.048,423.39,1
33.93765,-82.56245,129.011,423.26,1
33.93765,-82.5623,128.631,422.02,1
33.93765,-82.56215,128.392,421.23,1
33.93765,-82.562,127.163,417.2,1
33.93765,-82.56185,126.397,414.69,1
33.93765,-82.5617,126.158,413.9,1
33.93765,-82.56155,125.031,410.21,1
33.93765,-82.5614,122.833,403.0,1
33.93765,-82.56125,121.519,398.68,1
33.93765,-82.5611,118.354,388.3,1
33.93765,-82.56095,116.8,383.2,1
33.93765,-82.5608,117.639,385.96,1
33.93765,-82.56065,119.122,390.82,1
33.93765,-82.5605,120.232,394.46,1
33.93765,-82.56035,121.79,399.57,1
33.93765,-82.5602,123.396,404.84,1
33.93765,-82.56005,123.587,405.47,1
33.93765,-82.5599,121.062,397.18,1
33.9378,-82.5695,124.555,408.64,1
33.9378,-82.56935,124.914,409.82,1
33.9378,-82.5692,125.1,410.43,1
33.9378,-82.56905,125.263,410.97,1
33.9378,-82.5689,124.803,409.46,1
33.9378,-82.56875,124.522,408.54,1
33.9378,-82.5686,124.009,406.85,1
33.9378,-82.56845,124.015,406.87,1
33.9378,-82.5683,124.562,408.67,1
33.9378,-82.56815,124.631,408.9,1
33.9378,-82.568,125.127,410.52,1
33.9378,-82.56785,125.476,411.67,1
33.9378,-82.5677,126.553,415.2,1
33.9378,-82.56755,126.808,416.04,1
33.9378,-82.5674,126.811,416.05,1
33.9378,-82.56725,127.639,418.76,1
33.9378,-82.5671,128.567,421.81,1
33.9378,-82.56695,129.134,423.67,1
33.9378,-82.5668,129.422,424.61,1
33.9378,-82.56665,128.875,422.82,1
33.9378,-82.5665,129.442,424.68,1
33.9378,-82.56635,129.45,424.71,1
33.9378,-82.5662,128.987,423.18,1
33.9378,-82.56605,128.839,422.7,1
33.9378,-82.5659,130.022,426.58,1
33.9378,-82.56575,130.36,427.69,1
33.9378,-82.5656,130.889,429.42,1
33.9378,-82.56545,132.003,433.08,1
33.9378,-82.5653,131.815,432.46,1
33.9378,-82.56515,132.455,434.56,1
33.9378,-82.565,133.191,436.98,1
33.9378,-82.56485,133.904,439.32,1
33.9378,-82.5647,134.009,439.66,1
33.9378,-82.56455,133.213,437.05,1
33.9378,-82.5644,132.173,433.64,1
33.9378,-82.56425,131.924,432.82,1
33.9378,-82.5641,131.656,431.94,1
33.9378,-82.56395,130.721,428.88,1
33.9378,-82.5638,129.661,425.4,1
33.9378,-82.56365,130.029,426.6,1
33.9378,-82.5635,130.348,427.65,1
33.9378,-82.56335,129.84,425.98,1
33.9378,-82.5632,129.292,424.19,1
33.9378,-82.56305,128.157,420.46,1
33.9378,-82.5629,127.69,418.93,1
33.9378,-82.56275,127.656,418.82,1
33.9378,-82.5626,128.298,420.92,1
33.9378,-82.56245,128.141,420.41,1
33.9378,-82.5623,127.824,419.37,1
33.9378,-82.56215,127.702,418.97,1
33.9378,-82.562,126.122,413.79,1
33.9378,-82.56185,125.568,411.97,1
33.9378,-82.5617,125.422,411.49,1
33.9378,-82.56155,124.65,408.96,1
33.9378,-82.5614,123.445,405.0,1
33.9378,-82.56125,120.976,396.9,1
33.9378,-82.5611,118.967,390.31,1
33.9378,-82.56095,115.54,379.07,1
33.9378,-82.5608,116.393,381.87,1
33.9378,-82.56065,117.523,385.57,1
33.9378,-82.5605,119.306,391.42,1
33.9378,-82.56035,120.988,396.94,1
33.9378,-82.5602,122.786,402.84,1
33.9378,-82.56005,123.059,403.74,1
33.9378,-82.5599,120.318,394.74,1
33.93795,-82.5695,125.326,411.18,1
33.93795,-82.56935,125.795,412.71,1
33.93795,-82.5692,126.158,413.9,1
33.93795,-82.56905,126.436,414.82,1
33.93795,-82.5689,126.202,414.05,1
33.93795,-82.56875,125.887,413.01,1
33.93795,-82.5686,125.683,412.34,1
33.93795,-82.56845,125.286,411.04,1
33.93795,-82.5683,125.225,410.84,1
33.93795,-82.56815,125.386,411.37,1
33.93795,-82.568,125.873,412.97,1
33.93795,-82.56785,126.39,414.67,1
33.93795,-82.5677,127.043,416.81,1
33.93795,-82.56755,127.408,418.01,1
33.93795,-82.5674,127.675,418.88,1
33.93795,-82.56725,128.135,420.39,1
33.93795,-82.5671,128.74,422.38,1
33.93795,-82.56695,129.157,423.74,1
33.93795,-82.5668,128.567,421.81,1
33.93795,-82.56665,128.989,423.19,1
33.93795,-82.5665,128.936,423.02,1
33.93795,-82.56635,127.949,419.78,1
33.93795,-82.5662,127.595,418.62,1
33.93795,-82.56605,128.323,421.01,1
33.93795,-82.5659,129.42,424.61,1
33.93795,-82.56575,130.492,428.12,1
33.93795,-82.5656,131.19,430.41,1
33.93795,-82.56545,131.673,432.0,1
33.93795,-82.5653,132.3,434.06,1
33.93795,-82.56515,132.402,434.39,1
33.93795,-82.565,133.162,436.88,1
33.93795,-82.56485,133.511,438.03,1
33.93795,-82.5647,133.359,437.53,1
33.93795,-82.56455,132.426,434.47,1
33.93795,-82.5644,130.903,429.47,1
33.93795,-82.56425,130.518,428.21,1
33.93795,-82.5641,130.801,429.14,1
33.93795,-82.56395,129.658,425.39,1
33.93795,-82.5638,128.114,420.32,1
33.93795,-82.56365,128.376,421.18,1
33.93795,-82.5635,129.004,423.24,1
33.93795,-82.56335,129.015,423.28,1
33.93795,-82.5632,127.738,419.09,1
33.93795,-82.56305,127.275,417.57,1
33.93795,-82.5629,126.855,416.19,1
33.93795,-82.56275,127.381,417.92,1
33.93795,-82.5626,127.636,418.75,1
33.93795,-82.56245,127.154,417.17,1
33.93795,-82.5623,126.289,414.33,1
33.93795,-82.56215,126.638,415.48,1
33.93795,-82.562,125.512,411.79,1
33.93795,-82.56185,124.311,407.84,1
33.93795,-82.5617,124.323,407.88,1
33.93795,-82.56155,123.188,404.16,1
33.93795,-82.5614,121.933,400.04,1
33.93795,-82.56125,119.208,391.1,1
33.93795,-82.5611,117.712,386.19,1
33.93795,-82.56095,115.275,378.2,1
33.93795,-82.5608,114.945,377.12,1
33.93795,-82.56065,117.462,385.37,1
33.93795,-82.5605,118.976,390.34,1
33.93795,-82.56035,120.069,393.93,1
33.93795,-82.5602,122.131,400.69,1
33.93795,-82.56005,122.502,401.91,1
33.93795,-82.5599,120.371,394.92,1
33.9381,-82.5695,125.814,412.78,1
33.9381,-82.56935,126.17,413.94,1
33.9381,-82.5692,126.693,415.66,1
33.9381,-82.56905,126.766,415.9,1
33.9381,-82.5689,126.652,415.52,1
33.9381,-82.56875,126.678,415.61,1
33.9381,-82.5686,126.422,414.77,1
33.9381,-82.56845,126.294,414.35,1
33.9381,-82.5683,126.414,414.74,1
33.9381,-82.56815,126.507,415.05,1
33.9381,-82.568,126.531,415.13,1
33.9381,-82.56785,126.858,416.2,1
33.9381,-82.5677,127.401,417.98,1
33.9381,-82.56755,127.699,418.96,1
33.9381,-82.5674,128.139,420.4,1
33.9381,-82.56725,128.635,422.03,1
33.9381,-82.5671,128.649,422.08,1
33.9381,-82.56695,128.217,420.66,1
33.9381,-82.5668,128.408,421.28,1
33.9381,-82.56665,128.396,421.25,1
33.9381,-82.5665,127.694,418.94,1
33.9381,-82.56635,126.828,416.1,1
33.9381,-82.5662,126.895,416.32,1
33.9381,-82.56605,127.795,419.27,1
33.9381,-82.5659,129.069,423.45,1
33.9381,-82.56575,130.136,426.96,1
33.9381,-82.5656,131.06,429.99,1
33.9381,-82.56545,131.764,432.3,1
33.9381,-82.5653,132.031,433.17,1
33.9381,-82.56515,132.344,434.2,1
33.9381,-82.565,132.75,435.53,1
33.9381,-82.56485,133.261,437.21,1
33.9381,-82.5647,132.454,434.56,1
33.9381,-82.56455,131.671,431.99,1
33.9381,-82.5644,129.894,426.16,1
33.9381,-82.56425,129.719,425.59,1
33.9381,-82.5641,129.944,426.33,1
33.9381,-82.56395,128.068,420.17,1
33.9381,-82.5638,126.646,415.51,1
33.9381,-82.56365,126.687,415.64,1
33.9381,-82.5635,127.495,418.29,1
33.9381,-82.56335,127.579,418.57,1
33.9381,-82.5632,126.871,416.24,1
33.9381,-82.56305,126.383,414.64,1
33.9381,-82.5629,126.488,414.99,1
33.9381,-82.56275,126.625,415.44,1
33.9381,-82.5626,126.503,415.03,1
33.9381,-82.56245,125.801,412.73,1
33.9381,-82.5623,125.645,412.22,1
33.9381,-82.56215,125.33,411.19,1
33.9381,-82.562,125.041,410.24,1
33.9381,-82.56185,124.008,406.85,1
33.9381,-82.5617,122.728,402.65,1
33.9381,-82.56155,122.398,401.57,1
33.9381,-82.5614,120.222,394.43,1
33.9381,-82.56125,118.321,388.19,1
33.9381,-82.5611,116.718,382.93,1
33.9381,-82.56095,114.011,374.05,1
33.9381,-82.5608,114.115,374.39,1
33.9381,-82.56065,116.847,383.36,1
33.9381,-82.5605,117.629,385.92,1
33.9381,-82.56035,119.531,392.16,1
33.9381,-82.5602,121.007,397.01,1
33.9381,-82.56005,121.276,397.89,1
33.9381,-82.5599,119.0,390.42,1
33.93825,-82.5695,125.948,413.22,1
33.93825,-82.56935,126.397,414.69,1
33.93825,-82.5692,126.359,414.56,1
33.93825,-82.56905,126.181,413.98,1
33.93825,-82.5689,125.974,413.3,1
33.93825,-82.56875,126.066,413.6,1
33.93825,-82.5686,126.075,413.63,1
33.93825,-82.56845,126.115,413.76,1
33.93825,-82.5683,126.353,414.54,1
33.93825,-82.56815,126.558,415.22,1
33.93825,-82.568,126.801,416.01,1
33.93825,-82.56785,127.039,416.8,1
33.93825,-82.5677,127.375,417.9,1
33.93825,-82.56755,127.733,419.07,1
33.93825,-82.5674,128.263,420.81,1
33.93825,-82.56725,128.285,420.88,1
33.93825,-82.5671,127.988,419.91,1
33.93825,-82.56695,127.923,419.7,1
33.93825,-82.5668,127.801,419.3,1
33.93825,-82.56665,127.494,418.29,1
33.93825,-82.5665,126.544,415.17,1
33.93825,-82.56635,126.235,414.16,1
33.93825,-82.5662,126.528,415.12,1
33.93825,-82.56605,127.655,418.81,1
33.93825,-82.5659,129.124,423.63,1
33.93825,-82.56575,130.148,426.99,1
33.93825,-82.5656,130.713,428.85,1
33.93825,-82.56545,131.095,430.1,1
33.93825,-82.5653,131.479,431.36,1
33.93825,-82.56515,132.029,433.17,1
33.93825,-82.565,132.238,433.85,1
33.93825,-82.56485,133.123,436.75,1
33.93825,-82.5647,132.698,435.36,1
33.93825,-82.56455,131.256,430.63,1
33.93825,-82.5644,128.997,423.22,1
33.93825,-82.56425,127.013,416.71,1
33.93825,-82.5641,126.035,413.5,1
33.93825,-82.56395,124.772,409.36,1
33.93825,-82.5638,124.34,407.94,1
33.93825,-82.56365,123.861,406.37,1
33.93825,-82.5635,125.425,411.5,1
33.93825,-82.56335,126.523,415.1,1
33.93825,-82.5632,125.452,411.59,1
33.93825,-82.56305,125.302,411.09,1
33.93825,-82.5629,125.568,411.97,1
33.93825,-82.56275,125.613,412.12,1
33.93825,-82.5626,125.333,411.2,1
33.93825,-82.56245,125.104,410.45,1
33.93825,-82.5623,124.711,409.16,1
33.93825,-82.56215,124.458,408.33,1
33.93825,-82.562,124.374,408.05,1
33.93825,-82.56185,123.742,405.98,1
33.93825,-82.5617,122.112,400.63,1
33.93825,-82.56155,120.794,396.31,1
33.93825,-82.5614,119.15,390.91,1
33.93825,-82.56125,117.449,385.33,1
33.93825,-82.5611,115.768,379.81,1
33.93825,-82.56095,113.357,371.9,1
33.93825,-82.5608,112.977,370.66,1
33.93825,-82.56065,114.859,376.83,1
33.93825,-82.5605,116.421,381.96,1
33.93825,-82.56035,119.032,390.52,1
33.93825,-82.5602,119.11,390.78,1
33.93825,-82.56005,117.994,387.12,1
33.93825,-82.5599,116.114,380.95,1
33.9384,-82.5695,125.783,412.67,1
33.9384,-82.56935,125.458,411.61,1
33.9384,-82.5692,125.621,412.14,1
33.9384,-82.56905,125.477,411.67,1
33.9384,-82.5689,125.153,410.61,1
33.9384,-82.56875,125.324,411.17,1
33.9384,-82.5686,125.687,412.36,1
33.9384,-82.56845,126.045,413.53,1
33.9384,-82.5683,126.307,414.39,1
33.9384,-82.56815,126.628,415.45,1
33.9384,-82.568,126.885,416.29,1
33.9384,-82.56785,127.086,416.95,1
33.9384,-82.5677,127.41,418.01,1
33.9384,-82.56755,127.806,419.31,1
33.9384,-82.5674,127.989,419.91,1
33.9384,-82.56725,127.657,418.82,1
33.9384,-82.5671,127.419,418.04,1
33.9384,-82.56695,127.192,417.3,1
33.9384,-82.5668,127.123,417.07,1
33.9384,-82.56665,126.404,414.71,1
33.9384,-82.5665,125.62,412.14,1
33.9384,-82.56635,125.774,412.64,1
33.9384,-82.5662,126.274,414.29,1
33.9384,-82.56605,127.519,418.37,1
33.9384,-82.5659,128.498,421.58,1
33.9384,-82.56575,128.975,423.15,1
33.9384,-82.5656,129.528,424.96,1
33.9384,-82.56545,130.276,427.41,1
33.9384,-82.5653,130.972,429.7,1
33.9384,-82.56515,131.794,432.39,1
33.9384,-82.565,131.935,432.86,1
33.9384,-82.56485,131.74,432.22,1
33.9384,-82.5647,131.896,432.73,1
33.9384,-82.56455,130.568,428.37,1
33.9384,-82.5644,127.645,418.78,1
33.9384,-82.56425,124.957,409.96,1
33.9384,-82.5641,122.992,403.52,1
33.9384,-82.56395,121.891,399.91,1
33.9384,-82.5638,120.958,396.84,1
33.9384,-82.56365,121.493,398.6,1
33.9384,-82.5635,122.596,402.22,1
33.9384,-82.56335,124.66,408.99,1
33.9384,-82.5632,124.328,407.9,1
33.9384,-82.56305,124.247,407.63,1
33.9384,-82.5629,124.62,408.86,1
33.9384,-82.56275,124.472,408.37,1
33.9384,-82.5626,124.245,407.63,1
33.9384,-82.56245,124.003,406.83,1
33.9384,-82.5623,123.546,405.34,1
33.9384,-82.56215,123.468,405.08,1
33.9384,-82.562,123.721,405.91,1
33.9384,-82.56185,123.736,405.96,1
33.9384,-82.5617,122.956,403.4,1
33.9384,-82.56155,120.881,396.59,1
33.9384,-82.5614,118.716,389.49,1
33.9384,-82.56125,117.264,384.72,1
33.9384,-82.5611,116.259,381.43,1
33.9384,-82.56095,114.477,375.58,1
33.9384,-82.5608,112.794,370.06,1
33.9384,-82.56065,111.823,366.87,1
33.9384,-82.5605,114.791,376.61,1
33.9384,-82.56035,116.334,381.67,1
33.9384,-82.5602,116.726,382.96,1
33.9384,-82.56005,116.17,381.14,1
33.9384,-82.5599,113.578,372.63,1
33.93855,-82.5695,124.874,409.69,1
33.93855,-82.56935,124.566,408.68,1
33.93855,-82.5692,124.625,408.87,1
33.93855,-82.56905,124.76,409.32,1
33.93855,-82.5689,125.13,410.53,1
33.93855,-82.56875,125.59,412.04,1
33.93855,-82.5686,126.047,413.54,1
33.93855,-82.56845,126.751,415.85,1
33.93855,-82.5683,126.902,416.34,1
33.93855,-82.56815,127.036,416.78,1
33.93855,-82.568,127.315,417.7,1
33.93855,-82.56785,127.538,418.43,1
33.93855,-82.5677,127.757,419.15,1
33.93855,-82.56755,127.927,419.71,1
33.93855,-82.5674,127.326,417.74,1
33.93855,-82.56725,127.028,416.76,1
33.93855,-82.5671,126.452,414.87,1
33.93855,-82.56695,126.426,414.78,1
33.93855,-82.5668,126.287,414.33,1
33.93855,-82.56665,123.541,405.32,1
33.93855,-82.5665,123.808,406.19,1
33.93855,-82.56635,125.342,411.23,1
33.93855,-82.5662,126.144,413.86,1
33.93855,-82.56605,126.677,415.61,1
33.93855,-82.5659,127.432,418.08,1
33.93855,-82.56575,128.228,420.7,1
33.93855,-82.5656,129.118,423.62,1
33.93855,-82.56545,130.166,427.05,1
33.93855,-82.5653,131.26,430.64,1
33.93855,-82.56515,131.929,432.84,1
33.93855,-82.565,131.533,431.54,1
33.93855,-82.56485,131.403,431.11,1
33.93855,-82.5647,130.244,427.31,1
33.93855,-82.56455,127.931,419.72,1
33.93855,-82.5644,124.409,408.17,1
33.93855,-82.56425,122.49,401.87,1
33.93855,-82.5641,120.86,396.52,1
33.93855,-82.56395,119.72,392.78,1
33.93855,-82.5638,119.18,391.01,1
33.93855,-82.56365,119.873,393.28,1
33.93855,-82.5635,121.5,398.62,1
33.93855,-82.56335,123.517,405.24,1
33.93855,-82.5632,122.967,403.44,1
33.93855,-82.56305,122.892,403.19,1
33.93855,-82.5629,123.254,404.38,1
33.93855,-82.56275,122.775,402.81,1
33.93855,-82.5626,122.723,402.64,1
33.93855,-82.56245,122.649,402.39,1
33.93855,-82.5623,122.578,402.16,1
33.93855,-82.56215,122.473,401.81,1
33.93855,-82.562,122.806,402.91,1
33.93855,-82.56185,122.519,401.97,1
33.93855,-82.5617,122.029,400.36,1
33.93855,-82.56155,121.841,399.74,1
33.93855,-82.5614,120.054,393.88,1
33.93855,-82.56125,118.581,389.05,1
33.93855,-82.5611,117.361,385.04,1
33.93855,-82.56095,114.845,376.79,1
33.93855,-82.5608,113.076,370.98,1
33.93855,-82.56065,111.218,364.89,1
33.93855,-82.5605,112.819,370.14,1
33.93855,-82.56035,114.626,376.07,1
33.93855,-82.5602,115.561,379.14,1
33.93855,-82.56005,115.245,378.1,1
33.93855,-82.5599,113.075,370.98,1
33.9387,-82.5695,123.876,406.42,1
33.9387,-82.56935,124.076,407.07,1
33.9387,-82.5692,124.479,408.4,1
33.9387,-82.56905,124.893,409.76,1
33.9387,-82.5689,125.364,411.3,1
33.9387,-82.56875,125.88,412.99,1
33.9387,-82.5686,126.55,415.19,1
33.9387,-82.56845,127.368,417.87,1
33.9387,-82.5683,127.767,419.18,1
33.9387,-82.56815,127.996,419.93,1
33.9387,-82.568,128.063,420.15,1
33.9387,-82.56785,127.972,419.86,1
33.9387,-82.5677,127.814,419.34,1
33.9387,-82.56755,126.963,416.55,1
33.9387,-82.5674,126.778,415.94,1
33.9387,-82.56725,125.987,413.34,1
33.9387,-82.5671,124.622,408.86,1
33.9387,-82.56695,123.985,406.77,1
33.9387,-82.5668,123.868,406.39,1
33.9387,-82.56665,123.049,403.7,1
33.9387,-82.5665,124.548,408.62,1
33.9387,-82.56635,126.134,413.82,1
33.9387,-82.5662,126.71,415.72,1
33.9387,-82.56605,127.566,418.52,1
33.9387,-82.5659,128.654,422.09,1
33.9387,-82.56575,128.943,423.04,1
33.9387,-82.5656,129.745,425.67,1
33.9387,-82.56545,130.697,428.8,1
33.9387,-82.5653,131.629,431.85,1
33.9387,-82.56515,132.126,433.49,1
33.9387,-82.565,131.566,431.65,1
33.9387,-82.56485,130.57,428.38,1
33.9387,-82.5647,130.626,428.56,1
33.9387,-82.56455,124.976,410.02,1
33.9387,-82.5644,122.383,401.52,1
33.9387,-82.56425,120.374,394.93,1
33.9387,-82.5641,118.896,390.08,1
33.9387,-82.56395,118.118,387.53,1
33.9387,-82.5638,118.197,387.79,1
33.9387,-82.56365,118.49,388.75,1
33.9387,-82.5635,120.853,396.5,1
33.9387,-82.56335,122.425,401.66,1
33.9387,-82.5632,121.375,398.21,1
33.9387,-82.56305,121.497,398.61,1
33.9387,-82.5629,121.939,400.06,1
33.9387,-82.56275,121.78,399.54,1
33.9387,-82.5626,121.643,399.09,1
33.9387,-82.56245,121.827,399.69,1
33.9387,-82.5623,121.63,399.05,1
33.9387,-82.56215,121.599,398.95,1
33.9387,-82.562,121.842,399.74,1
33.9387,-82.56185,121.306,397.99,1
33.9387,-82.5617,120.71,396.03,1
33.9387,-82.56155,120.884,396.6,1
33.9387,-82.5614,120.539,395.47,1
33.9387,-82.56125,119.473,391.97,1
33.9387,-82.5611,118.458,388.64,1
33.9387,-82.56095,116.16,381.1,1
33.9387,-82.5608,113.456,372.23,1
33.9387,-82.56065,111.857,366.99,1
33.9387,-82.5605,111.542,365.95,1
33.9387,-82.56035,113.025,370.82,1
33.9387,-82.5602,114.45,375.49,1
33.9387,-82.56005,114.807,376.66,1
33.9387,-82.5599,114.281,374.94,1
33.93885,-82.5695,123.51,405.22,1
33.93885,-82.56935,123.931,406.6,1
33.93885,-82.5692,124.389,408.1,1
33.93885,-82.56905,124.924,409.86,1
33.93885,-82.5689,125.517,411.8,1
33.93885,-82.56875,126.138,413.84,1
33.93885,-82.5686,126.528,415.12,1
33.93885,-82.56845,127.251,417.49,1
33.93885,-82.5683,127.917,419.68,1
33.93885,-82.56815,128.079,420.21,1
33.93885,-82.568,127.965,419.83,1
33.93885,-82.56785,127.627,418.72,1
33.93885,-82.5677,126.537,415.15,1
33.93885,-82.56755,126.502,415.03,1
33.93885,-82.5674,126.5,415.02,1
33.93885,-82.56725,124.979,410.04,1
33.93885,-82.5671,122.366,401.46,1
33.93885,-82.56695,121.617,399.01,1
33.93885,-82.5668,121.118,397.37,1
33.93885,-82.56665,124.259,407.67,1
33.93885,-82.5665,126.38,414.63,1
33.93885,-82.56635,127.408,418.01,1
33.93885,-82.5662,128.412,421.3,1
33.93885,-82.56605,129.212,423.92,1
33.93885,-82.5659,130.274,427.41,1
33.93885,-82.56575,130.55,428.31,1
33.93885,-82.5656,130.587,428.44,1
33.93885,-82.56545,131.309,430.8,1
33.93885,-82.5653,131.778,432.34,1
33.93885,-82.56515,132.36,434.25,1
33.93885,-82.565,132.23,433.82,1
33.93885,-82.56485,130.487,428.11,1
33.93885,-82.5647,130.278,427.42,1
33.93885,-82.56455,126.62,415.42,1
33.93885,-82.5644,122.316,401.3,1
33.93885,-82.56425,120.269,394.58,1
33.93885,-82.5641,119.475,391.98,1
33.93885,-82.56395,117.721,386.22,1
33.93885,-82.5638,117.144,384.33,1
33.93885,-82.56365,117.428,385.26,1
33.93885,-82.5635,120.106,394.05,1
33.93885,-82.56335,120.886,396.61,1
33.93885,-82.5632,119.475,391.98,1
33.93885,-82.56305,120.342,394.82,1
33.93885,-82.5629,120.644,395.81,1
33.93885,-82.56275,120.524,395.42,1
33.93885,-82.5626,120.797,396.32,1
33.93885,-82.56245,121.039,397.11,1
33.93885,-82.5623,119.503,392.07,1
33.93885,-82.56215,120.045,393.85,1
33.93885,-82.562,119.363,391.61,1
33.93885,-82.56185,120.039,393.83,1
33.93885,-82.5617,119.617,392.45,1
33.93885,-82.56155,119.749,392.88,1
33.93885,-82.5614,119.312,391.44,1
33.93885,-82.56125,118.473,388.69,1
33.93885,-82.5611,117.801,386.49,1
33.93885,-82.56095,117.366,385.06,1
33.93885,-82.5608,115.508,378.96,1
33.93885,-82.56065,112.629,369.52,1
33.93885,-82.5605,110.059,361.09,1
33.93885,-82.56035,111.384,365.43,1
33.93885,-82.5602,113.629,372.8,1
33.93885,-82.56005,114.797,376.63,1
33.93885,-82.5599,114.561,375.86,1
33.939,-82.5695,123.394,404.84,1
33.939,-82.56935,123.934,406.61,1
33.939,-82.5692,124.382,408.08,1
33.939,-82.56905,124.886,409.73,1
33.939,-82.5689,125.396,411.4,1
33.939,-82.56875,126.101,413.72,1
33.939,-82.5686,126.978,416.6,1
33.939,-82.56845,127.408,418.01,1
33.939,-82.5683,127.583,418.58,1
33.939,-82.56815,127.526,418.39,1
33.939,-82.568,127.397,417.97,1
33.939,-82.56785,126.203,414.05,1
33.939,-82.5677,126.211,414.08,1
33.939,-82.56755,126.549,415.19,1
33.939,-82.5674,125.186,410.71,1
33.939,-82.56725,123.39,404.82,1
33.939,-82.5671,119.508,392.09,1
33.939,-82.56695,121.664,399.16,1
33.939,-82.5668,123.938,406.62,1
33.939,-82.56665,125.256,410.94,1
33.939,-82.5665,126.845,416.16,1
33.939,-82.56635,127.87,419.52,1
33.939,-82.5662,129.094,423.54,1
33.939,-82.56605,130.267,427.38,1
33.939,-82.5659,131.532,431.53,1
33.939,-82.56575,132.287,434.01,1
33.939,-82.5656,132.119,433.46,1
33.939,-82.56545,131.937,432.87,1
33.939,-82.5653,132.141,433.53,1
33.939,-82.56515,132.044,433.21,1
33.939,-82.565,132.27,433.96,1
33.939,-82.56485,131.413,431.15,1
33.939,-82.5647,129.735,425.64,1
33.939,-82.56455,127.901,419.62,1
33.939,-82.5644,124.785,409.4,1
33.939,-82.56425,122.288,401.21,1
33.939,-82.5641,121.344,398.11,1
33.939,-82.56395,119.021,390.49,1
33.939,-82.5638,117.104,384.2,1
33.939,-82.56365,115.979,380.51,1
33.939,-82.5635,116.713,382.92,1
33.939,-82.56335,118.549,388.94,1
33.939,-82.5632,116.766,383.09,1
33.939,-82.56305,119.497,392.05,1
33.939,-82.5629,119.203,391.09,1
33.939,-82.56275,119.13,390.85,1
33.939,-82.5626,119.755,392.9,1
33.939,-82.56245,120.375,394.93,1
33.939,-82.5623,119.889,393.34,1
33.939,-82.56215,118.556,388.96,1
33.939,-82.562,118.144,387.61,1
33.939,-82.56185,117.766,386.37,1
33.939,-82.5617,118.748,389.59,1
33.939,-82.56155,118.571,389.01,1
33.939,-82.5614,117.935,386.93,1
33.939,-82.56125,117.027,383.95,1
33.939,-82.5611,116.165,381.12,1
33.939,-82.56095,115.874,380.16,1
33.939,-82.5608,115.086,377.58,1
33.939,-82.56065,112.552,369.27,1
33.939,-82.5605,109.734,360.02,1
33.939,-82.56035,110.457,362.39,1
33.939,-82.5602,112.778,370.01,1
33.939,-82.56005,114.025,374.1,1
33.939,-82.5599,113.794,373.34,1
33.93915,-82.5695,123.379,404.79,1
33.93915,-82.56935,123.844,406.31,1
33.93915,-82.5692,124.437,408.26,1
33.93915,-82.56905,125.059,410.3,1
33.93915,-82.5689,125.724,412.48,1
33.93915,-82.56875,126.323,414.44,1
33.93915,-82.5686,126.805,416.03,1
33.93915,-82.56845,127.022,416.74,1
33.93915,-82.5683,127.01,416.7,1
33.93915,-82.56815,126.892,416.31,1
33.93915,-82.568,125.816,412.78,1
33.93915,-82.56785,125.781,412.67,1
33.93915,-82.5677,126.411,414.73,1
33.93915,-82.56755,126.035,413.5,1
33.93915,-82.5674,124.388,408.1,1
33.93915,-82.56725,122.249,401.08,1
33.93915,-82.5671,120.396,395.0,1
33.93915,-82.56695,120.931,396.75,1
33.93915,-82.5668,122.793,402.86,1
33.93915,-82.56665,124.425,408.22,1
33.93915,-82.5665,125.492,411.72,1
33.93915,-82.56635,127.264,417.53,1
33.93915,-82.5662,128.325,421.01,1
33.93915,-82.56605,129.712,425.56,1
33.93915,-82.5659,131.551,431.6,1
33.93915,-82.56575,132.58,434.97,1
33.93915,-82.5656,132.139,433.53,1
33.93915,-82.56545,131.738,432.21,1
33.93915,-82.5653,131.569,431.66,1
33.93915,-82.56515,131.707,432.11,1
33.93915,-82.565,131.365,430.99,1
33.93915,-82.56485,130.942,429.6,1
33.93915,-82.5647,129.078,423.48,1
33.93915,-82.56455,128.629,422.01,1
33.93915,-82.5644,127.439,418.11,1
33.93915,-82.56425,125.707,412.42,1
33.93915,-82.5641,124.226,407.56,1
33.93915,-82.56395,122.253,401.09,1
33.93915,-82.5638,119.567,392.28,1
33.93915,-82.56365,117.127,384.28,1
33.93915,-82.5635,115.606,379.28,1
33.93915,-82.56335,115.052,377.47,1
33.93915,-82.5632,115.018,377.35,1
33.93915,-82.56305,116.938,383.66,1
33.93915,-82.5629,116.542,382.35,1
33.93915,-82.56275,118.241,387.93,1
33.93915,-82.5626,118.782,389.7,1
33.93915,-82.56245,119.284,391.35,1
33.93915,-82.5623,119.498,392.05,1
33.93915,-82.56215,118.233,387.9,1
33.93915,-82.562,116.173,381.15,1
33.93915,-82.56185,116.873,383.44,1
33.93915,-82.5617,117.697,386.14,1
33.93915,-82.56155,116.917,383.58,1
33.93915,-82.5614,116.222,381.31,1
33.93915,-82.56125,113.959,373.88,1
33.93915,-82.5611,114.235,374.79,1
33.93915,-82.56095,114.343,375.14,1
33.93915,-82.5608,113.438,372.17,1
33.93915,-82.56065,111.07,364.4,1
33.93915,-82.5605,108.647,356.45,1
33.93915,-82.56035,109.511,359.29,1
33.93915,-82.5602,111.39,365.45,1
33.93915,-82.56005,113.225,371.47,1
33.93915,-82.5599,113.1,371.06,1
33.9393,-82.5695,123.427,404.95,1
33.9393,-82.56935,124.057,407.01,1
33.9393,-82.5692,124.699,409.12,1
33.9393,-82.56905,125.421,411.49,1
33.9393,-82.5689,125.922,413.13,1
33.9393,-82.56875,126.39,414.67,1
33.9393,-82.5686,126.482,414.97,1
33.9393,-82.56845,126.461,414.9,1
33.9393,-82.5683,126.444,414.84,1
33.9393,-82.56815,125.439,411.54,1
33.9393,-82.568,125.486,411.7,1
33.9393,-82.56785,125.763,412.61,1
33.9393,-82.5677,125.952,413.23,1
33.9393,-82.56755,125.68,412.34,1
33.9393,-82.5674,123.956,406.68,1
33.9393,-82.56725,120.078,393.96,1
33.9393,-82.5671,116.994,383.84,1
33.9393,-82.56695,120.58,395.6,1
33.9393,-82.5668,122.29,401.21,1
33.9393,-82.56665,124.146,407.3,1
33.9393,-82.5665,125.412,411.46,1
33.9393,-82.56635,126.799,416.01,1
33.9393,-82.5662,127.936,419.74,1
33.9393,-82.56605,129.229,423.98,1
33.9393,-82.5659,130.352,427.66,1
33.9393,-82.56575,130.67,428.71,1
33.9393,-82.5656,130.492,428.12,1
33.9393,-82.56545,130.798,429.13,1
33.9393,-82.5653,130.554,428.33,1
33.9393,-82.56515,129.994,426.49,1
33.9393,-82.565,129.797,425.84,1
33.9393,-82.56485,129.652,425.37,1
33.9393,-82.5647,128.394,421.24,1
33.9393,-82.56455,128.263,420.81,1
33.9393,-82.5644,127.917,419.68,1
33.9393,-82.56425,126.937,416.46,1
33.9393,-82.5641,126.086,413.67,1
33.9393,-82.56395,124.67,409.02,1
33.9393,-82.5638,122.432,401.68,1
33.9393,-82.56365,119.421,391.8,1
33.9393,-82.5635,116.975,383.78,1
33.9393,-82.56335,115.358,378.47,1
33.9393,-82.5632,113.424,372.13,1
33.9393,-82.56305,111.839,366.92,1
33.9393,-82.5629,113.731,373.13,1
33.9393,-82.56275,116.55,382.38,1
33.9393,-82.5626,117.289,384.81,1
33.9393,-82.56245,117.957,387.0,1
33.9393,-82.5623,118.025,387.22,1
33.9393,-82.56215,116.9,383.53,1
33.9393,-82.562,114.303,375.01,1
33.9393,-82.56185,115.883,380.19,1
33.9393,-82.5617,116.367,381.78,1
33.9393,-82.56155,112.792,370.05,1
33.9393,-82.5614,112.619,369.48,1
33.9393,-82.56125,110.865,363.73,1
33.9393,-82.5611,110.646,363.01,1
33.9393,-82.56095,111.921,367.19,1
33.9393,-82.5608,112.483,369.04,1
33.9393,-82.56065,110.253,361.72,1
33.9393,-82.5605,108.387,355.6,1
33.9393,-82.56035,108.927,357.37,1
33.9393,-82.5602,110.89,363.81,1
33.9393,-82.56005,112.566,369.31,1
33.9393,-82.5599,112.596,369.41,1
33.93945,-82.5695,123.616,405.56,1
33.93945,-82.56935,124.23,407.58,1
33.93945,-82.5692,124.819,409.51,1
33.93945,-82.56905,125.267,410.98,1
33.93945,-82.5689,125.698,412.39,1
33.93945,-82.56875,125.814,412.78,1
33.93945,-82.5686,125.806,412.75,1
33.93945,-82.56845,125.927,413.15,1
33.93945,-82.5683,125.062,410.31,1
33.93945,-82.56815,125.301,411.09,1
33.93945,-82.568,125.062,410.31,1
33.93945,-82.56785,125.211,410.8,1
33.93945,-82.5677,125.573,411.98,1
33.93945,-82.56755,125.042,410.24,1
33.93945,-82.5674,122.127,400.68,1
33.93945,-82.56725,116.478,382.15,1
33.93945,-82.5671,119.858,393.23,1
33.93945,-82.56695,121.547,398.78,1
33.93945,-82.5668,123.481,405.12,1
33.93945,-82.56665,124.873,409.69,1
33.93945,-82.5665,126.104,413.73,1
33.93945,-82.56635,127.319,417.71,1
33.93945,-82.5662,128.352,421.1,1
33.93945,-82.56605,129.013,423.27,1
33.93945,-82.5659,129.405,424.56,1
33.93945,-82.56575,128.651,422.08,1
33.93945,-82.5656,129.034,423.34,1
33.93945,-82.56545,128.88,422.84,1
33.93945,-82.5653,129.247,424.04,1
33.93945,-82.56515,129.026,423.31,1
33.93945,-82.565,128.423,421.34,1
33.93945,-82.56485,128.275,420.85,1
33.93945,-82.5647,127.661,418.83,1
33.93945,-82.56455,127.718,419.02,1
33.93945,-82.5644,127.904,419.63,1
33.93945,-82.56425,127.081,416.93,1
33.93945,-82.5641,126.294,414.35,1
33.93945,-82.56395,125.703,412.41,1
33.93945,-82.5638,124.443,408.28,1
33.93945,-82.56365,123.167,404.09,1
33.93945,-82.5635,121.306,397.99,1
33.93945,-82.56335,119.008,390.45,1
33.93945,-82.5632,115.359,378.48,1
33.93945,-82.56305,113.733,373.14,1
33.93945,-82.5629,110.039,361.02,1
33.93945,-82.56275,110.511,362.57,1
33.93945,-82.5626,113.708,373.06,1
33.93945,-82.56245,115.344,378.43,1
33.93945,-82.5623,115.412,378.65,1
33.93945,-82.56215,113.9,373.69,1
33.93945,-82.562,113.456,372.23,1
33.93945,-82.56185,114.376,375.25,1
33.93945,-82.5617,113.556,372.56,1
33.93945,-82.56155,110.308,361.9,1
33.93945,-82.5614,109.476,359.17,1
33.93945,-82.56125,107.618,353.08,1
33.93945,-82.5611,107.663,353.23,1
33.93945,-82.56095,110.257,361.74,1
33.93945,-82.5608,111.525,365.9,1
33.93945,-82.56065,110.118,361.28,1
33.93945,-82.5605,107.189,351.67,1
33.93945,-82.56035,109.082,357.88,1
33.93945,-82.5602,111.422,365.56,1
33.93945,-82.56005,112.804,370.09,1
33.93945,-82.5599,111.908,367.15,1
33.9396,-82.5695,123.678,405.77,1
33.9396,-82.56935,124.079,407.08,1
33.9396,-82.5692,124.545,408.61,1
33.9396,-82.56905,124.899,409.77,1
33.9396,-82.5689,125.031,410.21,1
33.9396,-82.56875,125.067,410.32,1
33.9396,-82.5686,125.421,411.49,1
33.9396,-82.56845,124.921,409.85,1
33.9396,-82.5683,125.102,410.44,1
33.9396,-82.56815,124.677,409.04,1
33.9396,-82.568,124.695,409.1,1
33.9396,-82.56785,125.27,410.99,1
33.9396,-82.5677,125.481,411.68,1
33.9396,-82.56755,124.165,407.37,1
33.9396,-82.5674,120.201,394.36,1
33.9396,-82.56725,115.071,377.53,1
33.9396,-82.5671,119.459,391.93,1
33.9396,-82.56695,121.893,399.91,1
33.9396,-82.5668,124.479,408.4,1
33.9396,-82.56665,126.359,414.56,1
33.9396,-82.5665,126.794,415.99,1
33.9396,-82.56635,127.155,417.18,1
33.9396,-82.5662,128.059,420.14,1
33.9396,-82.56605,128.386,421.21,1
33.9396,-82.5659,127.989,419.91,1
33.9396,-82.56575,127.694,418.94,1
33.9396,-82.5656,127.743,419.11,1
33.9396,-82.56545,127.852,419.46,1
33.9396,-82.5653,127.833,419.4,1
33.9396,-82.56515,127.377,417.9,1
33.9396,-82.565,127.248,417.48,1
33.9396,-82.56485,127.043,416.81,1
33.9396,-82.5647,127.116,417.05,1
33.9396,-82.56455,127.377,417.9,1
33.9396,-82.5644,127.249,417.48,1
33.9396,-82.56425,126.808,416.04,1
33.9396,-82.5641,126.132,413.82,1
33.9396,-82.56395,125.437,411.54,1
33.9396,-82.5638,124.999,410.1,1
33.9396,-82.56365,124.291,407.78,1
33.9396,-82.5635,123.35,404.69,1
33.9396,-82.56335,121.919,400.0,1
33.9396,-82.5632,119.747,392.87,1
33.9396,-82.56305,117.106,384.21,1
33.9396,-82.5629,113.187,371.35,1
33.9396,-82.56275,112.161,367.98,1
33.9396,-82.5626,108.027,354.42,1
33.9396,-82.56245,110.907,363.87,1
33.9396,-82.5623,109.989,360.85,1
33.9396,-82.56215,110.654,363.04,1
33.9396,-82.562,111.748,366.63,1
33.9396,-82.56185,112.051,367.62,1
33.9396,-82.5617,110.902,363.85,1
33.9396,-82.56155,108.715,356.68,1
33.9396,-82.5614,107.957,354.19,1
33.9396,-82.56125,106.277,348.68,1
33.9396,-82.5611,105.442,345.94,1
33.9396,-82.56095,106.887,350.68,1
33.9396,-82.5608,109.863,360.44,1
33.9396,-82.56065,109.828,360.33,1
33.9396,-82.5605,106.433,349.19,1
33.9396,-82.56035,108.334,355.43,1
33.9396,-82.5602,111.132,364.61,1
33.9396,-82.56005,112.859,370.27,1
33.9396,-82.5599,112.453,368.94,1
33.93975,-82.5695,123.414,404.9,1
33.93975,-82.56935,123.719,405.9,1
33.93975,-82.5692,123.914,406.54,1
33.93975,-82.56905,124.12,407.22,1
33.93975,-82.5689,124.075,407.07,1
33.93975,-82.56875,124.952,409.95,1
33.93975,-82.5686,125.237,410.88,1
33.93975,-82.56845,124.849,409.61,1
33.93975,-82.5683,124.451,408.3,1
33.93975,-82.56815,123.626,405.6,1
33.93975,-82.568,124.007,406.85,1
33.93975,-82.56785,124.851,409.62,1
33.93975,-82.5677,124.556,408.65,1
33.93975,-82.56755,122.434,401.68,1
33.93975,-82.5674,118.716,389.49,1
33.93975,-82.56725,114.762,376.52,1
33.93975,-82.5671,117.459,385.36,1
33.93975,-82.56695,120.325,394.77,1
33.93975,-82.5668,122.543,402.05,1
33.93975,-82.56665,124.075,407.07,1
33.93975,-82.5665,125.456,411.6,1
33.93975,-82.56635,126.509,415.06,1
33.93975,-82.5662,126.94,416.47,1
33.93975,-82.56605,127.026,416.75,1
33.93975,-82.5659,126.437,414.82,1
33.93975,-82.56575,126.809,416.04,1
33.93975,-82.5656,126.431,414.8,1
33.93975,-82.56545,126.083,413.66,1
33.93975,-82.5653,125.968,413.28,1
33.93975,-82.56515,125.891,413.03,1
33.93975,-82.565,126.095,413.7,1
33.93975,-82.56485,126.181,413.98,1
33.93975,-82.5647,126.322,414.44,1
33.93975,-82.56455,127.055,416.85,1
33.93975,-82.5644,126.628,415.45,1
33.93975,-82.56425,126.065,413.6,1
33.93975,-82.5641,125.812,412.77,1
33.93975,-82.56395,125.465,411.63,1
33.93975,-82.5638,124.949,409.94,1
33.93975,-82.56365,124.43,408.24,1
33.93975,-82.5635,123.218,404.26,1
33.93975,-82.56335,122.132,400.69,1
33.93975,-82.5632,120.149,394.19,1
33.93975,-82.56305,116.323,381.64,1
33.93975,-82.5629,116.537,382.34,1
33.93975,-82.56275,114.093,374.32,1
33.93975,-82.5626,111.598,366.14,1
33.93975,-82.56245,110.988,364.13,1
33.93975,-82.5623,110.016,360.95,1
33.93975,-82.56215,107.847,353.83,1
33.93975,-82.562,106.997,351.04,1
33.93975,-82.56185,106.573,349.65,1
33.93975,-82.5617,106.098,348.09,1
33.93975,-82.56155,105.829,347.21,1
33.93975,-82.5614,105.632,346.56,1
33.93975,-82.56125,105.228,345.24,1
33.93975,-82.5611,104.602,343.18,1
33.93975,-82.56095,104.023,341.28,1
33.93975,-82.5608,104.248,342.02,1
33.93975,-82.56065,107.04,351.18,1
33.93975,-82.5605,105.93,347.54,1
33.93975,-82.56035,104.81,343.86,1
33.93975,-82.5602,109.077,357.86,1
33.93975,-82.56005,111.136,364.62,1
33.93975,-82.5599,109.881,360.5,1
33.9399,-82.5695,122.606,402.25,1
33.9399,-82.56935,123.016,403.59,1
33.9399,-82.5692,122.907,403.24,1
33.9399,-82.56905,123.554,405.36,1
33.9399,-82.5689,123.977,406.75,1
33.9399,-82.56875,124.791,409.42,1
33.9399,-82.5686,124.559,408.66,1
33.9399,-82.56845,124.127,407.24,1
33.9399,-82.5683,122.916,403.27,1
33.9399,-82.56815,122.921,403.28,1
33.9399,-82.568,123.456,405.04,1
33.9399,-82.56785,123.673,405.75,1
33.9399,-82.5677,122.52,401.97,1
33.9399,-82.56755,119.739,392.84,1
33.9399,-82.5674,113.521,372.44,1
33.9399,-82.56725,115.633,379.37,1
33.9399,-82.5671,117.565,385.71,1
33.9399,-82.56695,119.075,390.66,1
33.9399,-82.5668,121.337,398.09,1
33.9399,-82.56665,122.781,402.83,1
33.9399,-82.5665,124.424,408.21,1
33.9399,-82.56635,125.06,410.3,1
33.9399,-82.5662,125.202,410.77,1
33.9399,-82.56605,124.423,408.21,1
33.9399,-82.5659,124.989,410.07,1
33.9399,-82.56575,125.301,411.09,1
33.9399,-82.5656,124.639,408.92,1
33.9399,-82.56545,124.48,408.4,1
33.9399,-82.5653,124.502,408.47,1
33.9399,-82.56515,124.601,408.8,1
33.9399,-82.565,124.936,409.9,1
33.9399,-82.56485,125.172,410.67,1
33.9399,-82.5647,125.456,411.6,1
33.9399,-82.56455,126.182,413.98,1
33.9399,-82.5644,125.718,412.46,1
33.9399,-82.56425,124.99,410.07,1
33.9399,-82.5641,125.055,410.29,1
33.9399,-82.56395,124.934,409.89,1
33.9399,-82.5638,124.701,409.12,1
33.9399,-82.56365,124.553,408.64,1
33.9399,-82.5635,123.7,405.84,1
33.9399,-82.56335,122.489,401.87,1
33.9399,-82.5632,121.467,398.51,1
33.9399,-82.56305,120.496,395.33,1
33.9399,-82.5629,118.786,389.72,1
33.9399,-82.56275,117.406,385.19,1
33.9399,-82.5626,114.874,376.88,1
33.9399,-82.56245,113.841,373.49,1
33.9399,-82.5623,110.444,362.35,1
33.9399,-82.56215,109.838,360.36,1
33.9399,-82.562,110.098,361.21,1
33.9399,-82.56185,109.555,359.43,1
33.9399,-82.5617,108.615,356.35,1
33.9399,-82.56155,107.26,351.9,1
33.9399,-82.5614,106.821,350.46,1
33.9399,-82.56125,106.103,348.11,1
33.9399,-82.5611,105.611,346.49,1
33.9399,-82.56095,105.069,344.72,1
33.9399,-82.5608,103.982,341.15,1
33.9399,-82.56065,102.853,337.44,1
33.9399,-82.5605,104.704,343.52,1
33.9399,-82.56035,102.974,337.84,1
33.9399,-82.5602,107.144,351.52,1
33.9399,-82.56005,109.052,357.78,1
33.9399,-82.5599,107.985,354.28,1
33.94005,-82.5695,122.241,401.05,1
33.94005,-82.56935,122.373,401.49,1
33.94005,-82.5692,122.499,401.9,1
33.94005,-82.56905,123.112,403.91,1
33.94005,-82.5689,124.066,407.04,1
33.94005,-82.56875,124.199,407.48,1
33.94005,-82.5686,123.743,405.98,1
33.94005,-82.56845,122.515,401.95,1
33.94005,-82.5683,121.683,399.22,1
33.94005,-82.56815,121.467,398.51,1
33.94005,-82.568,122.181,400.86,1
33.94005,-82.56785,122.624,402.31,1
33.94005,-82.5677,121.85,399.77,1
33.94005,-82.56755,118.327,388.21,1
33.94005,-82.5674,114.308,375.03,1
33.94005,-82.56725,109.941,360.7,1
33.94005,-82.5671,114.904,376.98,1
33.94005,-82.56695,118.322,388.2,1
33.94005,-82.5668,120.741,396.13,1
33.94005,-82.56665,121.986,400.22,1
33.94005,-82.5665,122.466,401.79,1
33.94005,-82.56635,122.782,402.83,1
33.94005,-82.5662,123.192,404.17,1
33.94005,-82.56605,122.906,403.23,1
33.94005,-82.5659,123.093,403.85,1
33.94005,-82.56575,123.192,404.17,1
33.94005,-82.5656,123.191,404.17,1
33.94005,-82.56545,122.553,402.08,1
33.94005,-82.5653,121.242,397.77,1
33.94005,-82.56515,123.152,404.04,1
33.94005,-82.565,124.113,407.2,1
33.94005,-82.56485,124.192,407.46,1
33.94005,-82.5647,124.359,408.0,1
33.94005,-82.56455,124.99,410.07,1
33.94005,-82.5644,124.052,406.99,1
33.94005,-82.56425,123.579,405.44,1
33.94005,-82.5641,123.769,406.07,1
33.94005,-82.56395,124.046,406.98,1
33.94005,-82.5638,124.199,407.48,1
33.94005,-82.56365,124.029,406.92,1
33.94005,-82.5635,123.507,405.21,1
33.94005,-82.56335,122.878,403.14,1
33.94005,-82.5632,121.882,399.87,1
33.94005,-82.56305,121.156,397.49,1
33.94005,-82.5629,120.04,393.83,1
33.94005,-82.56275,118.631,389.21,1
33.94005,-82.5626,116.521,382.29,1
33.94005,-82.56245,115.893,380.23,1
33.94005,-82.5623,114.243,374.81,1
33.94005,-82.56215,113.428,372.14,1
33.94005,-82.562,112.872,370.31,1
33.94005,-82.56185,110.905,363.86,1
33.94005,-82.5617,109.097,357.93,1
33.94005,-82.56155,109.272,358.5,1
33.94005,-82.5614,108.382,355.58,1
33.94005,-82.56125,107.852,353.85,1
33.94005,-82.5611,107.08,351.31,1
33.94005,-82.56095,106.579,349.67,1
33.94005,-82.5608,105.558,346.32,1
33.94005,-82.56065,104.15,341.7,1
33.94005,-82.5605,102.378,335.89,1
33.94005,-82.56035,102.318,335.69,1
33.94005,-82.5602,104.874,344.08,1
33.94005,-82.56005,106.911,350.76,1
33.94005,-82.5599,106.288,348.72,1
33.9402,-82.5695,121.344,398.11,1
33.9402,-82.56935,121.903,399.94,1
33.9402,-82.5692,122.195,400.9,1
33.9402,-82.56905,122.892,403.19,1
33.9402,-82.5689,123.79,406.13,1
33.9402,-82.56875,123.884,406.44,1
33.9402,-82.5686,122.854,403.07,1
33.9402,-82.56845,121.53,398.72,1
33.9402,-82.5683,120.777,396.25,1
33.9402,-82.56815,119.989,393.67,1
33.9402,-82.568,120.177,394.28,1
33.9402,-82.56785,121.005,397.0,1
33.9402,-82.5677,119.121,390.82,1
33.9402,-82.56755,117.149,384.35,1
33.9402,-82.5674,114.307,375.02,1
33.9402,-82.56725,111.679,366.4,1
33.9402,-82.5671,113.701,373.03,1
33.9402,-82.56695,117.199,384.51,1
33.9402,-82.5668,118.83,389.86,1
33.9402,-82.56665,119.801,393.05,1
33.9402,-82.5665,121.108,397.34,1
33.9402,-82.56635,121.529,398.72,1
33.9402,-82.5662,121.641,399.09,1
33.9402,-82.56605,120.402,395.02,1
33.9402,-82.5659,120.461,395.21,1
33.9402,-82.56575,120.605,395.69,1
33.9402,-82.5656,121.147,397.46,1
33.9402,-82.56545,120.778,396.25,1
33.9402,-82.5653,120.546,395.49,1
33.9402,-82.56515,122.665,402.45,1
33.9402,-82.565,123.685,405.79,1
33.9402,-82.56485,123.493,405.16,1
33.9402,-82.5647,124.017,406.88,1
33.9402,-82.56455,123.77,406.07,1
33.9402,-82.5644,123.243,404.34,1
33.9402,-82.56425,122.393,401.55,1
33.9402,-82.5641,122.345,401.4,1
33.9402,-82.56395,122.961,403.42,1
33.9402,-82.5638,123.702,405.85,1
33.9402,-82.56365,123.653,405.69,1
33.9402,-82.5635,123.396,404.84,1
33.9402,-82.56335,122.493,401.88,1
33.9402,-82.5632,121.556,398.81,1
33.9402,-82.56305,120.671,395.9,1
33.9402,-82.5629,119.935,393.49,1
33.9402,-82.56275,119.152,390.92,1
33.9402,-82.5626,118.449,388.61,1
33.9402,-82.56245,117.455,385.35,1
33.9402,-82.5623,114.714,376.36,1
33.9402,-82.56215,115.35,378.45,1
33.9402,-82.562,114.476,375.58,1
33.9402,-82.56185,112.468,368.99,1
33.9402,-82.5617,111.801,366.8,1
33.9402,-82.56155,111.673,366.38,1
33.9402,-82.5614,111.122,364.57,1
33.9402,-82.56125,110.304,361.89,1
33.9402,-82.5611,109.581,359.52,1
33.9402,-82.56095,108.591,356.27,1
33.9402,-82.5608,108.224,355.06,1
33.9402,-82.56065,107.194,351.69,1
33.9402,-82.5605,104.921,344.23,1
33.9402,-82.56035,102.284,335.58,1
33.9402,-82.5602,102.276,335.55,1
33.9402,-82.56005,103.381,339.18,1
33.9402,-82.5599,104.078,341.46,1
33.94035,-82.5695,120.843,396.47,1
33.94035,-82.56935,121.917,399.99,1
33.94035,-82.5692,122.356,401.43,1
33.94035,-82.56905,123.236,404.32,1
33.94035,-82.5689,124.037,406.94,1
33.94035,-82.56875,122.993,403.52,1
33.94035,-82.5686,121.338,398.09,1
33.94035,-82.56845,119.72,392.78,1
33.94035,-82.5683,119.506,392.08,1
33.94035,-82.56815,117.793,386.46,1
33.94035,-82.568,118.558,388.97,1
33.94035,-82.56785,118.983,390.36,1
33.94035,-82.5677,116.461,382.09,1
33.94035,-82.56755,114.933,377.08,1
33.94035,-82.5674,113.333,371.83,1
33.94035,-82.56725,109.027,357.7,1
33.94035,-82.5671,112.943,370.55,1
33.94035,-82.56695,114.5,375.66,1
33.94035,-82.5668,117.58,385.76,1
33.94035,-82.56665,118.639,389.24,1
33.94035,-82.5665,119.826,393.13,1
33.94035,-82.56635,119.905,393.39,1
33.94035,-82.5662,119.699,392.71,1
33.94035,-82.56605,119.689,392.68,1
33.94035,-82.5659,119.768,392.94,1
33.94035,-82.56575,119.998,393.7,1
33.94035,-82.5656,119.599,392.39,1
33.94035,-82.56545,118.925,390.17,1
33.94035,-82.5653,121.13,397.41,1
33.94035,-82.56515,122.221,400.99,1
33.94035,-82.565,122.429,401.67,1
33.94035,-82.56485,122.514,401.95,1
33.94035,-82.5647,123.025,403.62,1
33.94035,-82.56455,122.447,401.73,1
33.94035,-82.5644,121.734,399.39,1
33.94035,-82.56425,121.419,398.36,1
33.94035,-82.5641,121.774,399.52,1
33.94035,-82.56395,122.691,402.53,1
33.94035,-82.5638,123.005,403.56,1
33.94035,-82.56365,123.402,404.86,1
33.94035,-82.5635,123.297,404.52,1
33.94035,-82.56335,122.992,403.52,1
33.94035,-82.5632,122.122,400.66,1
33.94035,-82.56305,121.33,398.06,1
33.94035,-82.5629,120.322,394.76,1
33.94035,-82.56275,119.605,392.41,1
33.94035,-82.5626,118.792,389.74,1
33.94035,-82.56245,117.742,386.29,1
33.94035,-82.5623,117.854,386.66,1
33.94035,-82.56215,117.132,384.29,1
33.94035,-82.562,116.8,383.2,1
33.94035,-82.56185,115.633,379.37,1
33.94035,-82.5617,113.725,373.11,1
33.94035,-82.56155,113.635,372.82,1
33.94035,-82.5614,113.188,371.35,1
33.94035,-82.56125,113.191,371.36,1
33.94035,-82.5611,112.542,369.23,1
33.94035,-82.56095,111.283,365.1,1
33.94035,-82.5608,110.156,361.41,1
33.94035,-82.56065,109.158,358.13,1
33.94035,-82.5605,107.386,352.32,1
33.94035,-82.56035,104.663,343.38,1
33.94035,-82.5602,102.631,336.72,1
33.94035,-82.56005,101.025,331.45,1
33.94035,-82.5599,101.774,333.9,1
33.9405,-82.5695,121.183,397.58,1
33.9405,-82.56935,122.04,400.4,1
33.9405,-82.5692,122.423,401.65,1
33.9405,-82.56905,123.727,405.93,1
33.9405,-82.5689,123.766,406.06,1
33.9405,-82.56875,121.337,398.09,1
33.9405,-82.5686,119.276,391.33,1
33.9405,-82.56845,116.944,383.67,1
33.9405,-82.5683,116.115,380.95,1
33.9405,-82.56815,115.243,378.09,1
33.9405,-82.568,117.631,385.93,1
33.9405,-82.56785,117.309,384.87,1
33.9405,-82.5677,115.298,378.27,1
33.9405,-82.56755,113.757,373.22,1
33.9405,-82.5674,111.417,365.54,1
33.9405,-82.56725,109.095,357.92,1
33.9405,-82.5671,112.351,368.61,1
33.9405,-82.56695,115.32,378.35,1
33.9405,-82.5668,116.792,383.18,1
33.9405,-82.56665,117.624,385.91,1
33.9405,-82.5665,118.385,388.4,1
33.9405,-82.56635,118.319,388.19,1
33.9405,-82.5662,118.477,388.7,1
33.9405,-82.56605,118.833,389.87,1
33.9405,-82.5659,119.134,390.86,1
33.9405,-82.56575,118.771,389.67,1
33.9405,-82.5656,119.083,390.69,1
33.9405,-82.56545,117.618,385.88,1
33.9405,-82.5653,119.822,393.12,1
33.9405,-82.56515,120.758,396.19,1
33.9405,-82.565,120.787,396.28,1
33.9405,-82.56485,121.141,397.44,1
33.9405,-82.5647,121.662,399.16,1
33.9405,-82.56455,121.343,398.11,1
33.9405,-82.5644,120.872,396.56,1
33.9405,-82.56425,120.636,395.79,1
33.9405,-82.5641,121.124,397.39,1
33.9405,-82.56395,121.605,398.97,1
33.9405,-82.5638,122.187,400.88,1
33.9405,-82.56365,122.941,403.35,1
33.9405,-82.5635,123.101,403.87,1
33.9405,-82.56335,122.969,403.44,1
33.9405,-82.5632,122.667,402.45,1
33.9405,-82.56305,121.866,399.82,1
33.9405,-82.5629,120.616,395.72,1
33.9405,-82.56275,119.799,393.04,1
33.9405,-82.5626,119.41,391.76,1
33.9405,-82.56245,118.505,388.8,1
33.9405,-82.5623,117.873,386.72,1
33.9405,-82.56215,117.498,385.49,1
33.9405,-82.562,117.041,383.99,1
33.9405,-82.56185,116.954,383.71,1
33.9405,-82.5617,115.493,378.91,1
33.9405,-82.56155,114.845,376.79,1
33.9405,-82.5614,114.63,376.08,1
33.9405,-82.56125,114.744,376.46,1
33.9405,-82.5611,113.713,373.07,1
33.9405,-82.56095,112.557,369.28,1
33.9405,-82.5608,111.46,365.68,1
33.9405,-82.56065,110.483,362.48,1
33.9405,-82.5605,108.731,356.73,1
33.9405,-82.56035,106.917,350.78,1
33.9405,-82.5602,104.955,344.34,1
33.9405,-82.56005,102.241,335.44,1
33.9405,-82.5599,100.578,329.98,1
33.94065,-82.5695,121.306,397.99,1
33.94065,-82.56935,122.045,400.41,1
33.94065,-82.5692,122.891,403.19,1
33.94065,-82.56905,123.964,406.71,1
33.94065,-82.5689,122.917,403.27,1
33.94065,-82.56875,120.492,395.32,1
33.94065,-82.5686,117.835,386.6,1
33.94065,-82.56845,115.011,377.33,1
33.94065,-82.5683,114.134,374.45,1
33.94065,-82.56815,114.501,375.66,1
33.94065,-82.568,117.069,384.08,1
33.94065,-82.56785,117.021,383.93,1
33.94065,-82.5677,114.8,376.64,1
33.94065,-82.56755,113.014,370.78,1
33.94065,-82.5674,111.567,366.03,1
33.94065,-82.56725,108.86,357.15,1
33.94065,-82.5671,111.26,365.02,1
33.94065,-82.56695,114.338,375.12,1
33.94065,-82.5668,115.35,378.45,1
33.94065,-82.56665,115.404,378.62,1
33.94065,-82.5665,116.172,381.14,1
33.94065,-82.56635,116.674,382.79,1
33.94065,-82.5662,118.041,387.27,1
33.94065,-82.56605,117.592,385.8,1
33.94065,-82.5659,118.011,387.17,1
33.94065,-82.56575,118.43,388.55,1
33.94065,-82.5656,118.1,387.47,1
33.94065,-82.56545,115.514,378.98,1
33.94065,-82.5653,116.626,382.63,1
33.94065,-82.56515,119.803,393.05,1
33.94065,-82.565,120.338,394.81,1
33.94065,-82.56485,121.039,397.11,1
33.94065,-82.5647,120.332,394.79,1
33.94065,-82.56455,120.278,394.61,1
33.94065,-82.5644,119.439,391.86,1
33.94065,-82.56425,119.805,393.06,1
33.94065,-82.5641,120.252,394.53,1
33.94065,-82.56395,120.951,396.82,1
33.94065,-82.5638,121.84,399.74,1
33.94065,-82.56365,122.608,402.26,1
33.94065,-82.5635,122.7,402.56,1
33.94065,-82.56335,122.212,400.96,1
33.94065,-82.5632,122.307,401.27,1
33.94065,-82.56305,122.499,401.9,1
33.94065,-82.5629,121.781,399.54,1
33.94065,-82.56275,121.02,397.05,1
33.94065,-82.5626,120.658,395.86,1
33.94065,-82.56245,118.775,389.68,1
33.94065,-82.5623,118.034,387.25,1
33.94065,-82.56215,117.819,386.55,1
33.94065,-82.562,117.48,385.43,1
33.94065,-82.56185,117.413,385.21,1
33.94065,-82.5617,116.723,382.95,1
33.94065,-82.56155,115.982,380.52,1
33.94065,-82.5614,115.562,379.14,1
33.94065,-82.56125,115.497,378.93,1
33.94065,-82.5611,114.91,377.0,1
33.94065,-82.56095,113.18,371.33,1
33.94065,-82.5608,112.13,367.88,1
33.94065,-82.56065,110.624,362.94,1
33.94065,-82.5605,109.191,358.24,1
33.94065,-82.56035,108.098,354.65,1
33.94065,-82.5602,106.738,350.19,1
33.94065,-82.56005,104.101,341.54,1
33.94065,-82.5599,101.357,332.54,1
33.9408,-82.5695,122.321,401.32,1
33.9408,-82.56935,122.707,402.58,1
33.9408,-82.5692,123.401,404.86,1
33.9408,-82.56905,123.937,406.62,1
33.9408,-82.5689,122.29,401.21,1
33.9408,-82.56875,120.081,393.97,1
33.9408,-82.5686,118.554,388.96,1
33.9408,-82.56845,114.33,375.1,1
33.9408,-82.5683,112.305,368.46,1
33.9408,-82.56815,112.889,370.37,1
33.9408,-82.568,114.244,374.82,1
33.9408,-82.56785,114.187,374.63,1
33.9408,-82.5677,113.184,371.34,1
33.9408,-82.56755,111.474,365.73,1
33.9408,-82.5674,109.756,360.09,1
33.9408,-82.56725,108.353,355.49,1
33.9408,-82.5671,111.192,364.8,1
33.9408,-82.56695,111.994,367.43,1
33.9408,-82.5668,112.439,368.89,1
33.9408,-82.56665,112.916,370.46,1
33.9408,-82.5665,114.062,374.22,1
33.9408,-82.56635,115.499,378.93,1
33.9408,-82.5662,115.975,380.5,1
33.9408,-82.56605,117.021,383.93,1
33.9408,-82.5659,117.779,386.41,1
33.9408,-82.56575,117.972,387.05,1
33.9408,-82.5656,118.117,387.52,1
33.9408,-82.56545,118.149,387.63,1
33.9408,-82.5653,117.962,387.01,1
33.9408,-82.56515,118.713,389.48,1
33.9408,-82.565,119.443,391.87,1
33.9408,-82.56485,120.22,394.42,1
33.9408,-82.5647,119.89,393.34,1
33.9408,-82.56455,118.703,389.45,1
33.9408,-82.5644,118.619,389.17,1
33.9408,-82.56425,119.009,390.45,1
33.9408,-82.5641,119.991,393.67,1
33.9408,-82.56395,120.677,395.92,1
33.9408,-82.5638,121.096,397.3,1
33.9408,-82.56365,121.797,399.6,1
33.9408,-82.5635,121.931,400.04,1
33.9408,-82.56335,121.729,399.37,1
33.9408,-82.5632,121.703,399.29,1
33.9408,-82.56305,121.843,399.75,1
33.9408,-82.5629,122.394,401.55,1
33.9408,-82.56275,122.299,401.24,1
33.9408,-82.5626,121.498,398.61,1
33.9408,-82.56245,120.035,393.82,1
33.9408,-82.5623,118.745,389.58,1
33.9408,-82.56215,118.32,388.19,1
33.9408,-82.562,118.089,387.43,1
33.9408,-82.56185,117.997,387.13,1
33.9408,-82.5617,117.518,385.56,1
33.9408,-82.56155,116.596,382.53,1
33.9408,-82.5614,116.014,380.62,1
33.9408,-82.56125,115.419,378.67,1
33.9408,-82.5611,114.418,375.39,1
33.9408,-82.56095,112.983,370.68,1
33.9408,-82.5608,111.435,365.6,1
33.9408,-82.56065,110.41,362.24,1
33.9408,-82.5605,109.272,358.51,1
33.9408,-82.56035,107.925,354.08,1
33.9408,-82.5602,106.262,348.63,1
33.9408,-82.56005,104.01,341.24,1
33.9408,-82.5599,102.679,336.87,1
33.94095,-82.5695,122.991,403.51,1
33.94095,-82.56935,123.57,405.41,1
33.94095,-82.5692,123.854,406.34,1
33.94095,-82.56905,124.074,407.07,1
33.94095,-82.5689,122.078,400.52,1
33.94095,-82.56875,120.248,394.52,1
33.94095,-82.5686,118.351,388.29,1
33.94095,-82.56845,114.069,374.24,1
33.94095,-82.5683,111.845,366.95,1
33.94095,-82.56815,110.392,362.18,1
33.94095,-82.568,110.266,361.77,1
33.94095,-82.56785,110.394,362.18,1
33.94095,-82.5677,110.776,363.44,1
33.94095,-82.56755,108.322,355.39,1
33.94095,-82.5674,107.819,353.74,1
33.94095,-82.56725,108.834,357.07,1
33.94095,-82.5671,110.189,361.51,1
33.94095,-82.56695,110.712,363.23,1
33.94095,-82.5668,109.828,360.33,1
33.94095,-82.56665,111.348,365.32,1
33.94095,-82.5665,112.32,368.51,1
33.94095,-82.56635,113.864,373.57,1
33.94095,-82.5662,114.841,376.78,1
33.94095,-82.56605,114.252,374.84,1
33.94095,-82.5659,114.913,377.01,1
33.94095,-82.56575,115.882,380.19,1
33.94095,-82.5656,115.132,377.73,1
33.94095,-82.56545,116.06,380.77,1
33.94095,-82.5653,117.723,386.23,1
33.94095,-82.56515,118.583,389.05,1
33.94095,-82.565,118.782,389.7,1
33.94095,-82.56485,118.696,389.42,1
33.94095,-82.5647,118.259,387.99,1
33.94095,-82.56455,117.733,386.26,1
33.94095,-82.5644,117.571,385.73,1
33.94095,-82.56425,117.925,386.89,1
33.94095,-82.5641,118.767,389.66,1
33.94095,-82.56395,119.42,391.8,1
33.94095,-82.5638,120.159,394.22,1
33.94095,-82.56365,120.917,396.71,1
33.94095,-82.5635,121.008,397.01,1
33.94095,-82.56335,120.809,396.35,1
33.94095,-82.5632,121.278,397.9,1
33.94095,-82.56305,121.85,399.77,1
33.94095,-82.5629,122.478,401.83,1
33.94095,-82.56275,122.453,401.75,1
33.94095,-82.5626,122.204,400.93,1
33.94095,-82.56245,120.964,396.86,1
33.94095,-82.5623,120.31,394.72,1
33.94095,-82.56215,119.673,392.63,1
33.94095,-82.562,119.091,390.72,1
33.94095,-82.56185,118.48,388.71,1
33.94095,-82.5617,118.219,387.86,1
33.94095,-82.56155,116.994,383.84,1
33.94095,-82.5614,115.938,380.37,1
33.94095,-82.56125,115.082,377.57,1
33.94095,-82.5611,114.3,375.0,1
33.94095,-82.56095,113.95,373.85,1
33.94095,-82.5608,112.777,370.0,1
33.94095,-82.56065,110.661,363.06,1
33.94095,-82.5605,108.711,356.66,1
33.94095,-82.56035,106.743,350.21,1
33.94095,-82.5602,106.121,348.17,1
33.94095,-82.56005,105.627,346.55,1
33.94095,-82.5599,104.898,344.15,1
33.9411,-82.5695,124.254,407.66,1
33.9411,-82.56935,124.594,408.77,1
33.9411,-82.5692,124.326,407.89,1
33.9411,-82.56905,124.124,407.23,1
33.9411,-82.5689,122.747,402.71,1
33.9411,-82.56875,120.896,396.64,1
33.9411,-82.5686,118.324,388.2,1
33.9411,-82.56845,115.631,379.37,1
33.9411,-82.5683,113.323,371.79,1
33.9411,-82.56815,111.677,366.4,1
33.9411,-82.568,108.889,357.25,1
33.9411,-82.56785,108.422,355.72,1
33.9411,-82.5677,107.532,352.79,1
33.9411,-82.56755,106.828,350.49,1
33.9411,-82.5674,107.871,353.91,1
33.9411,-82.56725,108.722,356.7,1
33.9411,-82.5671,109.026,357.7,1
33.9411,-82.56695,109.293,358.57,1
33.9411,-82.5668,109.179,358.2,1
33.9411,-82.56665,109.526,359.34,1
33.9411,-82.5665,109.212,358.31,1
33.9411,-82.56635,109.768,360.13,1
33.9411,-82.5662,111.977,367.38,1
33.9411,-82.56605,112.286,368.39,1
33.9411,-82.5659,113.501,372.38,1
33.9411,-82.56575,114.107,374.37,1
33.9411,-82.5656,111.828,366.89,1
33.9411,-82.56545,112.571,369.33,1
33.9411,-82.5653,116.074,380.82,1
33.9411,-82.56515,116.811,383.24,1
33.9411,-82.565,117.846,386.63,1
33.9411,-82.56485,118.212,387.84,1
33.9411,-82.5647,117.796,386.47,1
33.9411,-82.56455,118.113,387.51,1
33.9411,-82.5644,118.452,388.62,1
33.9411,-82.56425,118.431,388.55,1
33.9411,-82.5641,118.458,388.64,1
33.9411,-82.56395,118.009,387.17,1
33.9411,-82.5638,119.868,393.27,1
33.9411,-82.56365,119.983,393.65,1
33.9411,-82.5635,119.559,392.25,1
33.9411,-82.56335,120.161,394.23,1
33.9411,-82.5632,121.102,397.32,1
33.9411,-82.56305,121.745,399.42,1
33.9411,-82.5629,121.843,399.75,1
33.9411,-82.56275,121.652,399.12,1
33.9411,-82.5626,121.467,398.51,1
33.9411,-82.56245,121.728,399.37,1
33.9411,-82.5623,121.209,397.67,1
33.9411,-82.56215,120.587,395.63,1
33.9411,-82.562,120.226,394.44,1
33.9411,-82.56185,118.268,388.02,1
33.9411,-82.5617,118.508,388.8,1
33.9411,-82.56155,117.347,385.0,1
33.9411,-82.5614,116.896,383.52,1
33.9411,-82.56125,116.329,381.66,1
33.9411,-82.5611,115.781,379.86,1
33.9411,-82.56095,114.971,377.2,1
33.9411,-82.5608,113.103,371.07,1
33.9411,-82.56065,111.013,364.22,1
33.9411,-82.5605,109.391,358.9,1
33.9411,-82.56035,108.459,355.84,1
33.9411,-82.5602,107.059,351.24,1
33.9411,-82.56005,105.243,345.29,1
33.9411,-82.5599,103.825,340.63,1
33.94125,-82.5695,124.895,409.76,1
33.94125,-82.56935,125.285,411.04,1
33.94125,-82.5692,124.958,409.97,1
33.94125,-82.56905,124.396,408.12,1
33.94125,-82.5689,123.199,404.2,1
33.94125,-82.56875,121.469,398.52,1
33.94125,-82.5686,119.951,393.54,1
33.94125,-82.56845,117.877,386.74,1
33.94125,-82.5683,116.492,382.19,1
33.94125,-82.56815,114.238,374.8,1
33.94125,-82.568,112.508,369.12,1
33.94125,-82.56785,110.639,362.99,1
33.94125,-82.5677,108.472,355.88,1
33.94125,-82.56755,107.009,351.08,1
33.94125,-82.5674,106.675,349.98,1
33.94125,-82.56725,107.387,352.32,1
33.94125,-82.5671,107.301,352.04,1
33.94125,-82.56695,107.649,353.18,1
33.94125,-82.5668,107.648,353.18,1
33.94125,-82.56665,107.807,353.7,1
33.94125,-82.5665,107.28,351.97,1
33.94125,-82.56635,107.871,353.91,1
33.94125,-82.5662,109.22,358.33,1
33.94125,-82.56605,110.064,361.1,1
33.94125,-82.5659,110.529,362.63,1
33.94125,-82.56575,111.877,367.05,1
33.94125,-82.5656,109.569,359.48,1
33.94125,-82.56545,112.018,367.51,1
33.94125,-82.5653,114.625,376.07,1
33.94125,-82.56515,115.894,380.23,1
33.94125,-82.565,116.686,382.83,1
33.94125,-82.56485,116.661,382.75,1
33.94125,-82.5647,116.619,382.61,1
33.94125,-82.56455,116.807,383.22,1
33.94125,-82.5644,116.164,381.11,1
33.94125,-82.56425,116.117,380.96,1
33.94125,-82.5641,116.951,383.7,1
33.94125,-82.56395,117.569,385.72,1
33.94125,-82.5638,118.584,389.06,1
33.94125,-82.56365,118.849,389.92,1
33.94125,-82.5635,118.931,390.19,1
33.94125,-82.56335,118.881,390.03,1
33.94125,-82.5632,119.698,392.71,1
33.94125,-82.56305,120.843,396.47,1
33.94125,-82.5629,120.852,396.5,1
33.94125,-82.56275,120.869,396.55,1
33.94125,-82.5626,121.108,397.34,1
33.94125,-82.56245,121.505,398.64,1
33.94125,-82.5623,121.318,398.03,1
33.94125,-82.56215,120.466,395.23,1
33.94125,-82.562,120.112,394.07,1
33.94125,-82.56185,119.626,392.47,1
33.94125,-82.5617,118.552,388.95,1
33.94125,-82.56155,118.294,388.1,1
33.94125,-82.5614,118.545,388.93,1
33.94125,-82.56125,117.592,385.8,1
33.94125,-82.5611,116.239,381.36,1
33.94125,-82.56095,114.704,376.33,1
33.94125,-82.5608,113.264,371.6,1
33.94125,-82.56065,111.548,365.97,1
33.94125,-82.5605,109.986,360.85,1
33.94125,-82.56035,108.462,355.85,1
33.94125,-82.5602,106.983,350.99,1
33.94125,-82.56005,106.136,348.22,1
33.94125,-82.5599,106.235,348.54,1
33.9414,-82.5695,125.26,410.96,1
33.9414,-82.56935,125.825,412.81,1
33.9414,-82.5692,125.53,411.84,1
33.9414,-82.56905,124.632,408.9,1
33.9414,-82.5689,123.631,405.61,1
33.9414,-82.56875,122.242,401.06,1
33.9414,-82.5686,121.09,397.28,1
33.9414,-82.56845,120.204,394.37,1
33.9414,-82.5683,119.311,391.44,1
33.9414,-82.56815,116.62,382.61,1
33.9414,-82.568,114.444,375.47,1
33.9414,-82.56785,112.445,368.91,1
33.9414,-82.5677,110.609,362.89,1
33.9414,-82.56755,108.134,354.77,1
33.9414,-82.5674,105.157,345.0,1
33.9414,-82.56725,106.273,348.66,1
33.9414,-82.5671,106.112,348.14,1
33.9414,-82.56695,105.908,347.47,1
33.9414,-82.5668,106.405,349.1,1
33.9414,-82.56665,106.917,350.78,1
33.9414,-82.5665,105.512,346.17,1
33.9414,-82.56635,106.978,350.98,1
33.9414,-82.5662,108.15,354.82,1
33.9414,-82.56605,107.724,353.42,1
33.9414,-82.5659,108.075,354.58,1
33.9414,-82.56575,108.828,357.05,1
33.9414,-82.5656,108.77,356.86,1
33.9414,-82.56545,111.002,364.18,1
33.9414,-82.5653,111.866,367.01,1
33.9414,-82.56515,113.129,371.16,1
33.9414,-82.565,114.421,375.4,1
33.9414,-82.56485,114.653,376.16,1
33.9414,-82.5647,115.174,377.87,1
33.9414,-82.56455,115.42,378.67,1
33.9414,-82.5644,115.04,377.43,1
33.9414,-82.56425,115.732,379.7,1
33.9414,-82.5641,115.938,380.37,1
33.9414,-82.56395,117.302,384.85,1
33.9414,-82.5638,117.358,385.03,1
33.9414,-82.56365,117.307,384.87,1
33.9414,-82.5635,117.077,384.11,1
33.9414,-82.56335,118.304,388.14,1
33.9414,-82.5632,119.058,390.61,1
33.9414,-82.56305,119.615,392.44,1
33.9414,-82.5629,119.811,393.08,1
33.9414,-82.56275,119.871,393.28,1
33.9414,-82.5626,119.708,392.74,1
33.9414,-82.56245,119.817,393.1,1
33.9414,-82.5623,119.761,392.92,1
33.9414,-82.56215,119.022,390.49,1
33.9414,-82.562,118.918,390.15,1
33.9414,-82.56185,118.802,389.77,1
33.9414,-82.5617,118.488,388.74,1
33.9414,-82.56155,118.151,387.64,1
33.9414,-82.5614,117.942,386.95,1
33.9414,-82.56125,117.855,386.66,1
33.9414,-82.5611,115.974,380.49,1
33.9414,-82.56095,113.945,373.84,1
33.9414,-82.5608,112.331,368.54,1
33.9414,-82.56065,111.412,365.52,1
33.9414,-82.5605,110.023,360.97,1
33.9414,-82.56035,108.641,356.43,1
33.9414,-82.5602,108.009,354.36,1
33.9414,-82.56005,107.743,353.49,1
33.9414,-82.5599,108.033,354.44,1
33.94155,-82.5695,125.624,412.15,1
33.94155,-82.56935,126.036,413.5,1
33.94155,-82.5692,125.491,411.71,1
33.94155,-82.56905,124.625,408.87,1
33.94155,-82.5689,123.54,405.31,1
33.94155,-82.56875,122.612,402.27,1
33.94155,-82.5686,122.11,400.62,1
33.94155,-82.56845,121.201,397.64,1
33.94155,-82.5683,120.252,394.53,1
33.94155,-82.56815,118.676,389.36,1
33.94155,-82.568,116.435,382.0,1
33.94155,-82.56785,113.629,372.8,1
33.94155,-82.5677,110.953,364.02,1
33.94155,-82.56755,109.547,359.41,1
33.94155,-82.5674,107.968,354.23,1
33.94155,-82.56725,107.197,351.7,1
33.94155,-82.5671,105.724,346.86,1
33.94155,-82.56695,105.607,346.48,1
33.94155,-82.5668,105.55,346.29,1
33.94155,-82.56665,105.597,346.45,1
33.94155,-82.5665,104.61,343.21,1
33.94155,-82.56635,105.961,347.64,1
33.94155,-82.5662,107.66,353.22,1
33.94155,-82.56605,106.282,348.7,1
33.94155,-82.5659,106.032,347.88,1
33.94155,-82.56575,106.683,350.01,1
33.94155,-82.5656,107.551,352.86,1
33.94155,-82.56545,108.812,356.99,1
33.94155,-82.5653,109.708,359.93,1
33.94155,-82.56515,109.562,359.45,1
33.94155,-82.565,111.83,366.9,1
33.94155,-82.56485,112.873,370.32,1
33.94155,-82.5647,113.435,372.16,1
33.94155,-82.56455,113.444,372.19,1
33.94155,-82.5644,114.195,374.65,1
33.94155,-82.56425,115.316,378.33,1
33.94155,-82.5641,116.121,380.97,1
33.94155,-82.56395,116.537,382.34,1
33.94155,-82.5638,116.235,381.35,1
33.94155,-82.56365,115.511,378.97,1
33.94155,-82.5635,115.584,379.21,1
33.94155,-82.56335,116.404,381.9,1
33.94155,-82.5632,117.684,386.1,1
33.94155,-82.56305,118.527,388.87,1
33.94155,-82.5629,119.271,391.31,1
33.94155,-82.56275,120.02,393.77,1
33.94155,-82.5626,120.128,394.12,1
33.94155,-82.56245,119.822,393.12,1
33.94155,-82.5623,119.596,392.37,1
33.94155,-82.56215,119.047,390.57,1
33.94155,-82.562,118.157,387.65,1
33.94155,-82.56185,117.957,387.0,1
33.94155,-82.5617,117.894,386.79,1
33.94155,-82.56155,117.619,385.89,1
33.94155,-82.5614,117.391,385.14,1
33.94155,-82.56125,117.508,385.53,1
33.94155,-82.5611,116.066,380.79,1
33.94155,-82.56095,114.402,375.34,1
33.94155,-82.5608,112.727,369.84,1
33.94155,-82.56065,111.343,365.3,1
33.94155,-82.5605,110.321,361.95,1
33.94155,-82.56035,109.877,360.49,1
33.94155,-82.5602,109.58,359.52,1
33.94155,-82.56005,109.458,359.11,1
33.94155,-82.5599,109.044,357.76,1
33.9417,-82.5695,124.013,406.87,1
33.9417,-82.56935,124.286,407.76,1
33.9417,-82.5692,124.366,408.03,1
33.9417,-82.56905,124.401,408.14,1
33.9417,-82.5689,123.455,405.04,1
33.9417,-82.56875,123.025,403.63,1
33.9417,-82.5686,122.432,401.68,1
33.9417,-82.56845,122.004,400.28,1
33.9417,-82.5683,120.865,396.54,1
33.9417,-82.56815,119.204,391.09,1
33.9417,-82.568,117.666,386.04,1
33.9417,-82.56785,115.869,380.15,1
33.9417,-82.5677,113.322,371.79,1
33.9417,-82.56755,112.33,368.54,1
33.9417,-82.5674,110.778,363.45,1
33.9417,-82.56725,109.995,360.88,1
33.9417,-82.5671,108.066,354.55,1
33.9417,-82.56695,106.328,348.84,1
33.9417,-82.5668,105.368,345.7,1
33.9417,-82.56665,104.99,344.46,1
33.9417,-82.5665,102.283,335.58,1
33.9417,-82.56635,103.19,338.55,1
33.9417,-82.5662,103.486,339.52,1
33.9417,-82.56605,105.563,346.33,1
33.9417,-82.5659,104.549,343.01,1
33.9417,-82.56575,104.877,344.09,1
33.9417,-82.5656,106.226,348.51,1
33.9417,-82.56545,105.982,347.71,1
33.9417,-82.5653,106.805,350.41,1
33.9417,-82.56515,107.55,352.86,1
33.9417,-82.565,109.33,358.69,1
33.9417,-82.56485,110.358,362.07,1
33.9417,-82.5647,110.765,363.4,1
33.9417,-82.56455,112.417,368.82,1
33.9417,-82.5644,113.97,373.92,1
33.9417,-82.56425,115.027,377.39,1
33.9417,-82.5641,115.966,380.47,1
33.9417,-82.56395,115.902,380.26,1
33.9417,-82.5638,114.824,376.72,1
33.9417,-82.56365,114.019,374.08,1
33.9417,-82.5635,114.586,375.94,1
33.9417,-82.56335,115.951,380.42,1
33.9417,-82.5632,116.727,382.96,1
33.9417,-82.56305,117.744,386.3,1
33.9417,-82.5629,118.246,387.95,1
33.9417,-82.56275,118.74,389.57,1
33.9417,-82.5626,119.342,391.54,1
33.9417,-82.56245,119.683,392.66,1
33.9417,-82.5623,119.245,391.22,1
33.9417,-82.56215,118.14,387.6,1
33.9417,-82.562,117.01,383.89,1
33.9417,-82.56185,116.568,382.44,1
33.9417,-82.5617,116.97,383.76,1
33.9417,-82.56155,117.037,383.98,1
33.9417,-82.5614,116.66,382.74,1
33.9417,-82.56125,116.455,382.07,1
33.9417,-82.5611,115.354,378.46,1
33.9417,-82.56095,114.911,377.0,1
33.9417,-82.5608,113.705,373.05,1
33.9417,-82.56065,112.428,368.86,1
33.9417,-82.5605,111.455,365.67,1
33.9417,-82.56035,110.586,362.81,1
33.9417,-82.5602,109.658,359.77,1
33.9417,-82.56005,108.104,354.67,1
33.9417,-82.5599,107.708,353.37,1
33.94185,-82.5695,124.653,408.97,1
33.94185,-82.56935,125.072,410.34,1
33.94185,-82.5692,125.415,411.46,1
33.94185,-82.56905,124.093,407.13,1
33.94185,-82.5689,123.46,405.05,1
33.94185,-82.56875,122.769,402.79,1
33.94185,-82.5686,122.467,401.8,1
33.94185,-82.56845,122.069,400.49,1
33.94185,-82.5683,121.18,397.57,1
33.94185,-82.56815,120.181,394.3,1
33.94185,-82.568,118.891,390.06,1
33.94185,-82.56785,117.735,386.27,1
33.94185,-82.5677,116.351,381.73,1
33.94185,-82.56755,115.287,378.24,1
33.94185,-82.5674,113.806,373.38,1
33.94185,-82.56725,112.388,368.73,1
33.94185,-82.5671,110.949,364.01,1
33.94185,-82.56695,109.032,357.72,1
33.94185,-82.5668,107.292,352.01,1
33.94185,-82.56665,105.884,347.39,1
33.94185,-82.5665,104.248,342.02,1
33.94185,-82.56635,102.115,335.02,1
33.94185,-82.5662,101.864,334.2,1
33.94185,-82.56605,103.209,338.61,1
33.94185,-82.5659,103.689,340.19,1
33.94185,-82.56575,103.892,340.85,1
33.94185,-82.5656,104.266,342.08,1
33.94185,-82.56545,106.043,347.91,1
33.94185,-82.5653,107.565,352.9,1
33.94185,-82.56515,108.4,355.64,1
33.94185,-82.565,109.497,359.24,1
33.94185,-82.56485,110.623,362.94,1
33.94185,-82.5647,112.962,370.61,1
33.94185,-82.56455,113.807,373.38,1
33.94185,-82.5644,114.477,375.58,1
33.94185,-82.56425,114.422,375.4,1
33.94185,-82.5641,114.608,376.01,1
33.94185,-82.56395,114.893,376.95,1
33.94185,-82.5638,114.339,375.13,1
33.94185,-82.56365,113.018,370.79,1
33.94185,-82.5635,113.138,371.19,1
33.94185,-82.56335,114.961,377.17,1
33.94185,-82.5632,116.0,380.58,1
33.94185,-82.56305,116.486,382.17,1
33.94185,-82.5629,116.551,382.38,1
33.94185,-82.56275,117.179,384.44,1
33.94185,-82.5626,117.921,386.88,1
33.94185,-82.56245,118.163,387.67,1
33.94185,-82.5623,117.36,385.04,1
33.94185,-82.56215,116.282,381.5,1
33.94185,-82.562,115.431,378.71,1
33.94185,-82.56185,115.332,378.39,1
33.94185,-82.5617,116.372,381.8,1
33.94185,-82.56155,117.002,383.87,1
33.94185,-82.5614,116.494,382.2,1
33.94185,-82.56125,115.967,380.47,1
33.94185,-82.5611,115.053,377.47,1
33.94185,-82.56095,113.558,372.57,1
33.94185,-82.5608,113.092,371.04,1
33.94185,-82.56065,112.548,369.25,1
33.94185,-82.5605,110.62,362.93,1
33.94185,-82.56035,108.882,357.22,1
33.94185,-82.5602,108.676,356.55,1
33.94185,-82.56005,107.41,352.4,1
33.94185,-82.5599,105.227,345.23,1
33.942,-82.5695,124.035,406.94,1
33.942,-82.56935,124.497,408.45,1
33.942,-82.5692,124.534,408.58,1
33.942,-82.56905,123.682,405.78,1
33.942,-82.5689,123.18,404.14,1
33.942,-82.56875,122.754,402.74,1
33.942,-82.5686,122.359,401.44,1
33.942,-82.56845,122.338,401.37,1
33.942,-82.5683,122.05,400.43,1
33.942,-82.56815,120.743,396.14,1
33.942,-82.568,119.983,393.65,1
33.942,-82.56785,119.078,390.68,1
33.942,-82.5677,118.458,388.64,1
33.942,-82.56755,117.47,385.4,1
33.942,-82.5674,115.924,380.33,1
33.942,-82.56725,115.156,377.81,1
33.942,-82.5671,113.253,371.57,1
33.942,-82.56695,111.539,365.94,1
33.942,-82.5668,109.419,358.99,1
33.942,-82.56665,106.991,351.02,1
33.942,-82.5665,105.535,346.24,1
33.942,-82.56635,103.926,340.97,1
33.942,-82.5662,101.322,332.42,1
33.942,-82.56605,102.653,336.79,1
33.942,-82.5659,103.216,338.63,1
33.942,-82.56575,103.434,339.35,1
33.942,-82.5656,105.425,345.88,1
33.942,-82.56545,108.679,356.56,1
33.942,-82.5653,110.449,362.37,1
33.942,-82.56515,111.805,366.82,1
33.942,-82.565,112.723,369.83,1
33.942,-82.56485,112.794,370.06,1
33.942,-82.5647,112.737,369.87,1
33.942,-82.56455,112.595,369.41,1
33.942,-82.5644,112.808,370.11,1
33.942,-82.56425,112.752,369.92,1
33.942,-82.5641,113.2,371.39,1
33.942,-82.56395,113.898,373.68,1
33.942,-82.5638,113.681,372.97,1
33.942,-82.56365,112.057,367.64,1
33.942,-82.5635,111.642,366.28,1
33.942,-82.56335,112.791,370.05,1
33.942,-82.5632,114.256,374.86,1
33.942,-82.56305,114.288,374.96,1
33.942,-82.5629,115.046,377.45,1
33.942,-82.56275,115.867,380.14,1
33.942,-82.5626,116.658,382.74,1
33.942,-82.56245,116.54,382.35,1
33.942,-82.5623,115.424,378.69,1
33.942,-82.56215,114.365,375.21,1
33.942,-82.562,114.404,375.34,1
33.942,-82.56185,115.098,377.62,1
33.942,-82.5617,116.017,380.63,1
33.942,-82.56155,116.636,382.67,1
33.942,-82.5614,116.851,383.37,1
33.942,-82.56125,116.056,380.76,1
33.942,-82.5611,115.12,377.69,1
33.942,-82.56095,114.034,374.13,1
33.942,-82.5608,112.733,369.86,1
33.942,-82.56065,111.141,364.64,1
33.942,-82.5605,111.057,364.36,1
33.942,-82.56035,110.892,363.82,1
33.942,-82.5602,110.891,363.82,1
33.942,-82.56005,109.684,359.86,1
33.942,-82.5599,108.135,354.77,1
33.94215,-82.5695,123.283,404.47,1
33.94215,-82.56935,123.802,406.17,1
33.94215,-82.5692,123.967,406.72,1
33.94215,-82.56905,123.248,404.36,1
33.94215,-82.5689,122.788,402.85,1
33.94215,-82.56875,122.611,402.27,1
33.94215,-82.5686,122.262,401.12,1
33.94215,-82.56845,122.41,401.61,1
33.94215,-82.5683,122.851,403.05,1
33.94215,-82.56815,122.005,400.28,1
33.94215,-82.568,121.188,397.6,1
33.94215,-82.56785,120.459,395.21,1
33.94215,-82.5677,119.635,392.5,1
33.94215,-82.56755,118.697,389.43,1
33.94215,-82.5674,117.474,385.41,1
33.94215,-82.56725,116.028,380.67,1
33.94215,-82.5671,114.161,374.54,1
33.94215,-82.56695,112.306,368.46,1
33.94215,-82.5668,111.42,365.55,1
33.94215,-82.56665,109.811,360.27,1
33.94215,-82.5665,108.032,354.44,1
33.94215,-82.56635,105.637,346.58,1
33.94215,-82.5662,102.846,337.42,1
33.94215,-82.56605,101.684,333.61,1
33.94215,-82.5659,102.282,335.57,1
33.94215,-82.56575,102.981,337.87,1
33.94215,-82.5656,105.611,346.49,1
33.94215,-82.56545,107.45,352.53,1
33.94215,-82.5653,109.422,358.99,1
33.94215,-82.56515,111.172,364.74,1
33.94215,-82.565,111.876,367.05,1
33.94215,-82.56485,111.766,366.68,1
33.94215,-82.5647,111.53,365.91,1
33.94215,-82.56455,111.2,364.83,1
33.94215,-82.5644,110.192,361.52,1
33.94215,-82.56425,111.367,365.38,1
33.94215,-82.5641,112.046,367.6,1
33.94215,-82.56395,112.757,369.94,1
33.94215,-82.5638,112.713,369.79,1
33.94215,-82.56365,110.937,363.97,1
33.94215,-82.5635,110.296,361.86,1
33.94215,-82.56335,111.675,366.39,1
33.94215,-82.5632,112.298,368.43,1
33.94215,-82.56305,112.899,370.4,1
33.94215,-82.5629,113.715,373.08,1
33.94215,-82.56275,114.702,376.32,1
33.94215,-82.5626,115.127,377.71,1
33.94215,-82.56245,114.863,376.85,1
33.94215,-82.5623,113.643,372.84,1
33.94215,-82.56215,113.161,371.26,1
33.94215,-82.562,113.801,373.36,1
33.94215,-82.56185,114.462,375.53,1
33.94215,-82.5617,115.394,378.59,1
33.94215,-82.56155,115.908,380.27,1
33.94215,-82.5614,116.349,381.72,1
33.94215,-82.56125,116.249,381.4,1
33.94215,-82.5611,115.04,377.43,1
33.94215,-82.56095,114.362,375.2,1
33.94215,-82.5608,113.888,373.65,1
33.94215,-82.56065,112.773,369.99,1
33.94215,-82.5605,112.664,369.63,1
33.94215,-82.56035,113.558,372.57,1
33.94215,-82.5602,113.164,371.27,1
33.94215,-82.56005,112.261,368.31,1
33.94215,-82.5599,110.808,363.54,1
33.9423,-82.5695,122.601,402.23,1
33.9423,-82.56935,123.244,404.34,1
33.9423,-82.5692,123.299,404.53,1
33.9423,-82.56905,122.729,402.66,1
33.9423,-82.5689,122.456,401.76,1
33.9423,-82.56875,122.273,401.16,1
33.9423,-82.5686,122.055,400.44,1
33.9423,-82.56845,122.485,401.85,1
33.9423,-82.5683,122.767,402.78,1
33.9423,-82.56815,122.949,403.38,1
33.9423,-82.568,122.354,401.42,1
33.9423,-82.56785,121.802,399.61,1
33.9423,-82.5677,121.158,397.5,1
33.9423,-82.56755,119.984,393.65,1
33.9423,-82.5674,118.685,389.39,1
33.9423,-82.56725,117.134,384.3,1
33.9423,-82.5671,115.63,379.36,1
33.9423,-82.56695,114.711,376.35,1
33.9423,-82.5668,114.267,374.89,1
33.9423,-82.56665,112.506,369.11,1
33.9423,-82.5665,109.865,360.45,1
33.9423,-82.56635,108.089,354.62,1
33.9423,-82.5662,104.437,342.64,1
33.9423,-82.56605,102.267,335.52,1
33.9423,-82.5659,101.849,334.15,1
33.9423,-82.56575,101.983,334.59,1
33.9423,-82.5656,103.99,341.17,1
33.9423,-82.56545,106.765,350.28,1
33.9423,-82.5653,107.961,354.2,1
33.9423,-82.56515,108.952,357.45,1
33.9423,-82.565,109.475,359.17,1
33.9423,-82.56485,109.989,360.86,1
33.9423,-82.5647,110.644,363.01,1
33.9423,-82.56455,110.468,362.43,1
33.9423,-82.5644,109.567,359.47,1
33.9423,-82.56425,109.826,360.32,1
33.9423,-82.5641,110.984,364.12,1
33.9423,-82.56395,111.62,366.21,1
33.9423,-82.5638,112.092,367.75,1
33.9423,-82.56365,109.34,358.73,1
33.9423,-82.5635,110.006,360.91,1
33.9423,-82.56335,110.408,362.23,1
33.9423,-82.5632,110.866,363.73,1
33.9423,-82.56305,111.503,365.82,1
33.9423,-82.5629,111.984,367.4,1
33.9423,-82.56275,112.388,368.73,1
33.9423,-82.5626,112.857,370.27,1
33.9423,-82.56245,112.209,368.14,1
33.9423,-82.5623,111.618,366.2,1
33.9423,-82.56215,112.271,368.34,1
33.9423,-82.562,113.053,370.91,1
33.9423,-82.56185,113.767,373.25,1
33.9423,-82.5617,114.828,376.73,1
33.9423,-82.56155,115.561,379.14,1
33.9423,-82.5614,115.819,379.98,1
33.9423,-82.56125,115.716,379.65,1
33.9423,-82.5611,114.963,377.18,1
33.9423,-82.56095,113.752,373.2,1
33.9423,-82.5608,113.494,372.36,1
33.9423,-82.56065,113.515,372.42,1
33.9423,-82.5605,113.941,373.82,1
33.9423,-82.56035,114.699,376.31,1
33.9423,-82.5602,114.913,377.01,1
33.9423,-82.56005,114.224,374.75,1
33.9423,-82.5599,112.675,369.67,1
33.94245,-82.5695,122.1,400.59,1
33.94245,-82.56935,122.692,402.53,1
33.94245,-82.5692,122.767,402.78,1
33.94245,-82.56905,122.311,401.28,1
33.94245,-82.5689,122.079,400.52,1
33.94245,-82.56875,121.797,399.6,1
33.94245,-82.5686,121.536,398.74,1
33.94245,-82.56845,122.022,400.33,1
33.94245,-82.5683,122.271,401.15,1
33.94245,-82.56815,122.618,402.29,1
33.94245,-82.568,123.047,403.7,1
33.94245,-82.56785,122.88,403.15,1
33.94245,-82.5677,121.936,400.05,1
33.94245,-82.56755,121.203,397.65,1
33.94245,-82.5674,119.979,393.63,1
33.94245,-82.56725,118.752,389.61,1
33.94245,-82.5671,117.521,385.57,1
33.94245,-82.56695,116.215,381.28,1
33.94245,-82.5668,115.053,377.47,1
33.94245,-82.56665,113.718,373.09,1
33.94245,-82.5665,112.339,368.57,1
33.94245,-82.56635,110.311,361.91,1
33.94245,-82.5662,105.536,346.25,1
33.94245,-82.56605,102.025,334.73,1
33.94245,-82.5659,100.892,331.01,1
33.94245,-82.56575,101.703,333.67,1
33.94245,-82.5656,102.992,337.9,1
33.94245,-82.56545,105.128,344.91,1
33.94245,-82.5653,105.59,346.42,1
33.94245,-82.56515,107.177,351.63,1
33.94245,-82.565,108.409,355.67,1
33.94245,-82.56485,109.588,359.54,1
33.94245,-82.5647,110.404,362.22,1
33.94245,-82.56455,110.257,361.74,1
33.94245,-82.5644,108.338,355.44,1
33.94245,-82.56425,108.34,355.45,1
33.94245,-82.5641,109.58,359.52,1
33.94245,-82.56395,111.045,364.32,1
33.94245,-82.5638,111.15,364.66,1
33.94245,-82.56365,107.587,352.98,1
33.94245,-82.5635,109.111,357.98,1
33.94245,-82.56335,109.231,358.37,1
33.94245,-82.5632,108.979,357.54,1
33.94245,-82.56305,109.547,359.41,1
33.94245,-82.5629,110.208,361.57,1
33.94245,-82.56275,110.261,361.75,1
33.94245,-82.5626,110.506,362.55,1
33.94245,-82.56245,110.289,361.84,1
33.94245,-82.5623,111.247,364.98,1
33.94245,-82.56215,111.938,367.25,1
33.94245,-82.562,112.305,368.46,1
33.94245,-82.56185,113.102,371.07,1
33.94245,-82.5617,114.616,376.04,1
33.94245,-82.56155,115.293,378.26,1
33.94245,-82.5614,115.179,377.88,1
33.94245,-82.56125,114.74,376.44,1
33.94245,-82.5611,113.822,373.43,1
33.94245,-82.56095,112.967,370.63,1
33.94245,-82.5608,113.185,371.34,1
33.94245,-82.56065,112.703,369.76,1
33.94245,-82.5605,113.536,372.49,1
33.94245,-82.56035,114.741,376.45,1
33.94245,-82.5602,115.73,379.69,1
33.94245,-82.56005,115.834,380.03,1
33.94245,-82.5599,114.612,376.02,1
33.9426,-82.5695,121.672,399.19,1
33.9426,-82.56935,122.076,400.51,1
33.9426,-82.5692,122.307,401.27,1
33.9426,-82.56905,121.93,400.03,1
33.9426,-82.5689,121.744,399.42,1
33.9426,-82.56875,121.531,398.72,1
33.9426,-82.5686,121.282,397.91,1
33.9426,-82.56845,121.414,398.34,1
33.9426,-82.5683,121.71,399.31,1
33.9426,-82.56815,122.748,402.72,1
33.9426,-82.568,123.104,403.89,1
33.9426,-82.56785,122.868,403.11,1
33.9426,-82.5677,122.623,402.31,1
33.9426,-82.56755,121.839,399.74,1
33.9426,-82.5674,120.532,395.45,1
33.9426,-82.56725,119.163,390.96,1
33.9426,-82.5671,117.718,386.21,1
33.9426,-82.56695,115.505,378.95,1
33.9426,-82.5668,112.088,367.74,1
33.9426,-82.56665,110.359,362.07,1
33.9426,-82.5665,108.886,357.24,1
33.9426,-82.56635,107.569,352.92,1
33.9426,-82.5662,105.212,345.18,1
33.9426,-82.56605,102.202,335.31,1
33.9426,-82.5659,101.274,332.26,1
33.9426,-82.56575,100.7,330.38,1
33.9426,-82.5656,103.907,340.9,1
33.9426,-82.56545,105.302,345.48,1
33.9426,-82.5653,106.34,348.88,1
33.9426,-82.56515,107.72,353.41,1
33.9426,-82.565,108.756,356.81,1
33.9426,-82.56485,109.681,359.85,1
33.9426,-82.5647,109.791,360.21,1
33.9426,-82.56455,108.589,356.26,1
33.9426,-82.5644,106.727,350.15,1
33.9426,-82.56425,106.988,351.01,1
33.9426,-82.5641,108.777,356.88,1
33.9426,-82.56395,109.6,359.58,1
33.9426,-82.5638,109.764,360.12,1
33.9426,-82.56365,105.989,347.73,1
33.9426,-82.5635,107.32,352.1,1
33.9426,-82.56335,107.562,352.89,1
33.9426,-82.5632,106.664,349.95,1
33.9426,-82.56305,108.356,355.5,1
33.9426,-82.5629,108.844,357.1,1
33.9426,-82.56275,108.418,355.7,1
33.9426,-82.5626,109.214,358.32,1
33.9426,-82.56245,110.525,362.62,1
33.9426,-82.5623,110.918,363.9,1
33.9426,-82.56215,111.284,365.1,1
33.9426,-82.562,112.254,368.29,1
33.9426,-82.56185,113.384,371.99,1
33.9426,-82.5617,114.608,376.01,1
33.9426,-82.56155,114.797,376.63,1
33.9426,-82.5614,114.43,375.43,1
33.9426,-82.56125,113.227,371.48,1
33.9426,-82.5611,112.707,369.77,1
33.9426,-82.56095,111.804,366.81,1
33.9426,-82.5608,112.178,368.04,1
33.9426,-82.56065,112.646,369.57,1
33.9426,-82.5605,112.65,369.59,1
33.9426,-82.56035,113.174,371.31,1
33.9426,-82.5602,114.619,376.05,1
33.9426,-82.56005,115.905,380.27,1
33.9426,-82.5599,115.516,378.99,1
33.94275,-82.5695,120.843,396.47,1
33.94275,-82.56935,121.393,398.27,1
33.94275,-82.5692,121.734,399.39,1
33.94275,-82.56905,121.563,398.83,1
33.94275,-82.5689,121.557,398.81,1
33.94275,-82.56875,121.257,397.82,1
33.94275,-82.5686,120.987,396.94,1
33.94275,-82.56845,120.918,396.71,1
33.94275,-82.5683,121.59,398.92,1
33.94275,-82.56815,122.202,400.93,1
33.94275,-82.568,122.555,402.08,1
33.94275,-82.56785,122.638,402.36,1
33.94275,-82.5677,122.043,400.4,1
33.94275,-82.56755,121.561,398.82,1
33.94275,-82.5674,120.489,395.3,1
33.94275,-82.56725,119.223,391.15,1
33.94275,-82.5671,116.893,383.51,1
33.94275,-82.56695,114.596,375.97,1
33.94275,-82.5668,112.295,368.42,1
33.94275,-82.56665,110.051,361.06,1
33.94275,-82.5665,108.318,355.38,1
33.94275,-82.56635,106.857,350.58,1
33.94275,-82.5662,105.456,345.98,1
33.94275,-82.56605,103.189,338.55,1
33.94275,-82.5659,101.153,331.87,1
33.94275,-82.56575,100.441,329.53,1
33.94275,-82.5656,101.008,331.39,1
33.94275,-82.56545,105.127,344.91,1
33.94275,-82.5653,106.64,349.87,1
33.94275,-82.56515,107.605,353.03,1
33.94275,-82.565,108.483,355.91,1
33.94275,-82.56485,109.015,357.66,1
33.94275,-82.5647,108.928,357.37,1
33.94275,-82.56455,107.298,352.03,1
33.94275,-82.5644,105.641,346.59,1
33.94275,-82.56425,106.006,347.79,1
33.94275,-82.5641,107.203,351.72,1
33.94275,-82.56395,108.306,355.34,1
33.94275,-82.5638,108.277,355.24,1
33.94275,-82.56365,106.677,349.99,1
33.94275,-82.5635,102.823,337.34,1
33.94275,-82.56335,104.309,342.22,1
33.94275,-82.5632,105.882,347.38,1
33.94275,-82.56305,107.449,352.52,1
33.94275,-82.5629,107.376,352.28,1
33.94275,-82.56275,107.594,353.0,1
33.94275,-82.5626,109.288,358.56,1
33.94275,-82.56245,109.825,360.32,1
33.94275,-82.5623,110.304,361.89,1
33.94275,-82.56215,110.756,363.37,1
33.94275,-82.562,112.029,367.55,1
33.94275,-82.56185,112.676,369.67,1
33.94275,-82.5617,113.934,373.8,1
33.94275,-82.56155,113.035,370.85,1
33.94275,-82.5614,111.272,365.06,1
33.94275,-82.56125,109.953,360.74,1
33.94275,-82.5611,109.827,360.32,1
33.94275,-82.56095,110.079,361.15,1
33.94275,-82.5608,110.652,363.03,1
33.94275,-82.56065,112.185,368.06,1
33.94275,-82.5605,112.526,369.18,1
33.94275,-82.56035,112.782,370.02,1
33.94275,-82.5602,113.093,371.04,1
33.94275,-82.56005,114.613,376.03,1
33.94275,-82.5599,115.303,378.29,1
33.9429,-82.5695,120.312,394.72,1
33.9429,-82.56935,121.04,397.11,1
33.9429,-82.5692,121.482,398.56,1
33.9429,-82.56905,121.223,397.71,1
33.9429,-82.5689,121.262,397.84,1
33.9429,-82.56875,120.903,396.66,1
33.9429,-82.5686,120.164,394.24,1
33.9429,-82.56845,120.133,394.14,1
33.9429,-82.5683,121.219,397.7,1
33.9429,-82.56815,121.622,399.02,1
33.9429,-82.568,122.105,400.61,1
33.9429,-82.56785,121.914,399.98,1
33.9429,-82.5677,121.475,398.54,1
33.9429,-82.56755,121.225,397.72,1
33.9429,-82.5674,120.557,395.53,1
33.9429,-82.56725,119.28,391.34,1
33.9429,-82.5671,117.878,386.74,1
33.9429,-82.56695,116.001,380.58,1
33.9429,-82.5668,113.571,372.61,1
33.9429,-82.56665,112.407,368.79,1
33.9429,-82.5665,111.689,366.43,1
33.9429,-82.56635,109.933,360.67,1
33.9429,-82.5662,107.625,353.1,1
33.9429,-82.56605,104.369,342.42,1
33.9429,-82.5659,101.389,332.64,1
33.9429,-82.56575,100.134,328.52,1
33.9429,-82.5656,100.03,328.18,1
33.9429,-82.56545,104.65,343.34,1
33.9429,-82.5653,106.127,348.19,1
33.9429,-82.56515,107.202,351.71,1
33.9429,-82.565,107.862,353.88,1
33.9429,-82.56485,108.092,354.63,1
33.9429,-82.5647,108.054,354.51,1
33.9429,-82.56455,106.385,349.03,1
33.9429,-82.5644,104.584,343.12,1
33.9429,-82.56425,104.945,344.31,1
33.9429,-82.5641,106.376,349.0,1
33.9429,-82.56395,107.392,352.34,1
33.9429,-82.5638,107.771,353.58,1
33.9429,-82.56365,107.184,351.65,1
33.9429,-82.5635,103.714,340.27,1
33.9429,-82.56335,102.438,336.08,1
33.9429,-82.5632,105.481,346.07,1
33.9429,-82.56305,105.472,346.04,1
33.9429,-82.5629,104.231,341.97,1
33.9429,-82.56275,106.285,348.7,1
33.9429,-82.5626,108.358,355.5,1
33.9429,-82.56245,109.73,360.01,1
33.9429,-82.5623,111.157,364.69,1
33.9429,-82.56215,111.628,366.23,1
33.9429,-82.562,112.544,369.24,1
33.9429,-82.56185,113.478,372.3,1
33.9429,-82.5617,112.989,370.7,1
33.9429,-82.56155,109.578,359.51,1
33.9429,-82.5614,107.585,352.97,1
33.9429,-82.56125,107.569,352.92,1
33.9429,-82.5611,107.021,351.12,1
33.9429,-82.56095,107.055,351.23,1
33.9429,-82.5608,109.463,359.13,1
33.9429,-82.56065,112.116,367.84,1
33.9429,-82.5605,111.617,366.2,1
33.9429,-82.56035,112.639,369.55,1
33.9429,-82.5602,112.509,369.12,1
33.9429,-82.56005,113.349,371.88,1
33.9429,-82.5599,115.428,378.7,1
33.94305,-82.5695,120.11,394.06,1
33.94305,-82.56935,120.647,395.82,1
33.94305,-82.5692,121.352,398.14,1
33.94305,-82.56905,120.969,396.88,1
33.94305,-82.5689,121.14,397.44,1
33.94305,-82.56875,120.392,394.99,1
33.94305,-82.5686,119.075,390.67,1
33.94305,-82.56845,118.53,388.88,1
33.94305,-82.5683,119.716,392.77,1
33.94305,-82.56815,120.176,394.28,1
33.94305,-82.568,120.793,396.3,1
33.94305,-82.56785,120.991,396.95,1
33.94305,-82.5677,120.709,396.03,1
33.94305,-82.56755,120.145,394.18,1
33.94305,-82.5674,119.405,391.75,1
33.94305,-82.56725,119.24,391.21,1
33.94305,-82.5671,118.15,387.63,1
33.94305,-82.56695,116.834,383.31,1
33.94305,-82.5668,115.251,378.12,1
33.94305,-82.56665,114.225,374.75,1
33.94305,-82.5665,113.487,372.33,1
33.94305,-82.56635,111.916,367.18,1
33.94305,-82.5662,109.806,360.26,1
33.94305,-82.56605,106.111,348.13,1
33.94305,-82.5659,102.09,334.94,1
33.94305,-82.56575,99.935,327.87,1
33.94305,-82.5656,100.0,328.09,1
33.94305,-82.56545,104.045,341.36,1
33.94305,-82.5653,105.901,347.45,1
33.94305,-82.56515,106.77,350.3,1
33.94305,-82.565,107.137,351.5,1
33.94305,-82.56485,107.222,351.78,1
33.94305,-82.5647,106.831,350.5,1
33.94305,-82.56455,105.436,345.92,1
33.94305,-82.5644,103.87,340.78,1
33.94305,-82.56425,104.618,343.23,1
33.94305,-82.5641,105.576,346.38,1
33.94305,-82.56395,106.529,349.51,1
33.94305,-82.5638,107.125,351.46,1
33.94305,-82.56365,106.829,350.49,1
33.94305,-82.5635,103.551,339.73,1
33.94305,-82.56335,100.179,328.67,1
33.94305,-82.5632,102.601,336.62,1
33.94305,-82.56305,102.647,336.77,1
33.94305,-82.5629,104.293,342.17,1
33.94305,-82.56275,106.235,348.54,1
33.94305,-82.5626,108.222,355.06,1
33.94305,-82.56245,109.484,359.2,1
33.94305,-82.5623,110.307,361.9,1
33.94305,-82.56215,111.112,364.54,1
33.94305,-82.562,112.081,367.72,1
33.94305,-82.56185,112.985,370.69,1
33.94305,-82.5617,111.75,366.63,1
33.94305,-82.56155,107.356,352.22,1
33.94305,-82.5614,104.69,343.47,1
33.94305,-82.56125,103.861,340.75,1
33.94305,-82.5611,104.877,344.09,1
33.94305,-82.56095,105.681,346.72,1
33.94305,-82.5608,108.527,356.06,1
33.94305,-82.56065,112.082,367.72,1
33.94305,-82.5605,112.272,368.35,1
33.94305,-82.56035,112.625,369.5,1
33.94305,-82.5602,112.7,369.75,1
33.94305,-82.56005,113.307,371.74,1
33.94305,-82.5599,115.493,378.91,1
33.9432,-82.5695,119.83,393.14,1
33.9432,-82.56935,120.169,394.25,1
33.9432,-82.5692,121.225,397.72,1
33.9432,-82.56905,120.711,396.03,1
33.9432,-82.5689,120.813,396.37,1
33.9432,-82.56875,120.553,395.52,1
33.9432,-82.5686,118.58,389.04,1
33.9432,-82.56845,116.512,382.26,1
33.9432,-82.5683,115.83,380.02,1
33.9432,-82.56815,117.361,385.04,1
33.9432,-82.568,118.747,389.59,1
33.9432,-82.56785,119.357,391.59,1
33.9432,-82.5677,118.623,389.18,1
33.9432,-82.56755,118.138,387.59,1
33.9432,-82.5674,117.613,385.87,1
33.9432,-82.56725,117.637,385.95,1
33.9432,-82.5671,116.808,383.23,1
33.9432,-82.56695,115.694,379.57,1
33.9432,-82.5668,114.478,375.58,1
33.9432,-82.56665,114.044,374.16,1
33.9432,-82.5665,113.237,371.51,1
33.9432,-82.56635,111.664,366.35,1
33.9432,-82.5662,110.551,362.7,1
33.9432,-82.56605,107.428,352.46,1
33.9432,-82.5659,102.721,337.01,1
33.9432,-82.56575,99.808,327.45,1
33.9432,-82.5656,99.729,327.19,1
33.9432,-82.56545,102.787,337.23,1
33.9432,-82.5653,105.225,345.23,1
33.9432,-82.56515,106.07,348.0,1
33.9432,-82.565,106.287,348.71,1
33.9432,-82.56485,105.973,347.68,1
33.9432,-82.5647,105.015,344.54,1
33.9432,-82.56455,103.637,340.02,1
33.9432,-82.5644,103.41,339.27,1
33.9432,-82.56425,103.779,340.48,1
33.9432,-82.5641,104.981,344.43,1
33.9432,-82.56395,106.035,347.88,1
33.9432,-82.5638,106.768,350.29,1
33.9432,-82.56365,106.769,350.29,1
33.9432,-82.5635,103.301,338.92,1
33.9432,-82.56335,99.654,326.95,1
33.9432,-82.5632,101.666,333.55,1
33.9432,-82.56305,104.036,341.33,1
33.9432,-82.5629,105.798,347.11,1
33.9432,-82.56275,107.197,351.7,1
33.9432,-82.5626,108.849,357.11,1
33.9432,-82.56245,110.839,363.64,1
33.9432,-82.5623,111.116,364.55,1
33.9432,-82.56215,111.009,364.2,1
33.9432,-82.562,111.365,365.37,1
33.9432,-82.56185,111.305,365.18,1
33.9432,-82.5617,108.371,355.55,1
33.9432,-82.56155,105.287,345.43,1
33.9432,-82.5614,102.361,335.83,1
33.9432,-82.56125,102.121,335.04,1
33.9432,-82.5611,103.605,339.91,1
33.9432,-82.56095,106.611,349.78,1
33.9432,-82.5608,109.245,358.41,1
33.9432,-82.56065,112.117,367.84,1
33.9432,-82.5605,112.467,368.99,1
33.9432,-82.56035,112.402,368.77,1
33.9432,-82.5602,112.981,370.67,1
33.9432,-82.56005,113.075,370.98,1
33.9432,-82.5599,115.424,378.69,1
